item,metrica,antes,despues,cambio
1.2,completitud,46.0,48.0,2.0
1.2,brecha,10.0,12.0,2.0
1.3,completitud,80.0,100.0,20.0
1.3,brecha,-11.0,9.0,20.0
2.2,completitud,84.0,86.0,2.0
2.2,brecha,27.000000000000007,29.000000000000007,2.0
6.2,completitud,56.00000000000001,66.0,9.999999999999993
6.2,brecha,20.000000000000007,30.0,9.999999999999993
8.2,completitud,60.0,64.0,4.0
8.2,brecha,33.0,37.0,4.0
11.4,completitud,28.000000000000004,32.0,3.9999999999999964
11.4,brecha,0.0,3.9999999999999964,3.9999999999999964
