seccion,metrica,antes,despues,cambio
1,completitud,81.0,84.66666666666667,3.6666666666666714
1,brecha,14.333333333333329,18.0,3.6666666666666714
2,completitud,72.57142857142857,72.85714285714285,0.2857142857142776
2,brecha,6.714285714285694,6.999999999999972,0.2857142857142776
6,completitud,71.5,74.0,2.5
6,brecha,16.499999999999993,18.999999999999993,2.5
8,completitud,84.5,85.5,1.0
8,brecha,29.499999999999993,30.499999999999993,1.0
11,completitud,56.00000000000001,56.666666666666664,0.6666666666666572
11,brecha,9.500000000000007,10.166666666666664,0.6666666666666572
