item,seccion,calidad,completitud,brecha
1.0,1,86.0,100.0,14.0
1.1,1,37.0,80.0,43.0
1.2,1,34.0,48.0,14.0
1.3,1,91.0,100.0,9.0
1.4,1,90.0,100.0,10.0
1.5,1,60.0,80.0,20.0
2.0,2,80.0,100.0,20.0
2.1,2,64.0,64.0,0.0
2.1.1,2,66.0,66.0,0.0
2.1.2,2,64.0,64.0,0.0
2.1.3,2,66.0,66.0,0.0
2.1.4,2,64.0,64.0,0.0
2.2,2,56.99999999999999,86.0,29.000000000000007
3.0,3,80.0,100.0,20.0
3.2.1,3,63.0,100.0,37.0
3.2.1.1,3,17.0,10.0,-7.0
3.2.1.2,3,80.0,76.0,-4.0
3.2.1.3,3,56.00000000000001,56.00000000000001,0.0
4.0,4,90.0,100.0,10.0
4.1,4,100.0,100.0,0.0
4.2,4,27.0,70.0,43.0
4.3,4,32.0,70.0,38.0
5.0,5,100.0,100.0,0.0
5.1,5,71.0,80.0,9.0
5.2,5,59.0,68.0,9.0
5.3,5,57.99999999999999,60.0,2.000000000000007
6.0,6,90.0,100.0,10.0
6.1,6,45.0,60.0,15.0
6.2,6,36.0,66.0,30.0
6.3,6,49.0,70.0,21.0
7.0,7,95.0,100.0,5.0
7.1,7,70.0,70.0,0.0
7.2,7,63.0,64.0,1.0
8.0,8,95.0,100.0,5.0
8.1,8,48.0,100.0,52.0
8.2,8,27.0,64.0,37.0
8.3,8,50.0,78.0,28.0
9.0,9,90.0,100.0,10.0
9.1,9,77.0,100.0,23.0
10.0,10,100.0,100.0,0.0
10.2.1,10,32.0,62.0,30.0
10.2.2,10,48.0,78.0,30.0
10.2.3,10,36.0,60.0,24.0
10.2.4,10,57.99999999999999,96.0,38.00000000000001
10.2.5,10,57.99999999999999,90.0,32.00000000000001
10.2.6,10,45.0,84.0,39.0
11.0,11,90.0,100.0,10.0
11.1,11,17.0,28.000000000000004,11.000000000000004
11.2,11,80.0,98.0,18.0
11.3,11,26.0,30.0,4.0
11.4,11,28.000000000000004,32.0,3.9999999999999964
11.5,11,38.0,52.0,14.0
12.0,12,57.99999999999999,100.0,42.00000000000001
12.1,12,46.0,84.0,38.0
12.2,12,33.0,54.0,21.0
12.3,12,54.0,84.0,30.0
12.4,12,43.0,54.0,11.0
12.5,12,33.0,54.0,21.0
13.0,13,80.0,100.0,20.0
13.1,13,50.0,80.0,30.0
14.0,14,60.0,100.0,40.0
14.1,14,75.0,88.0,13.0
14.2,14,50.0,57.99999999999999,7.999999999999993
14.3,14,54.0,68.0,14.0
14.4,14,74.0,88.0,14.0
14.5,14,51.0,54.0,3.0
14.6,14,48.0,48.0,0.0
15.0,15,80.0,100.0,20.0
15.1,15,19.0,98.0,79.0
16.0,16,100.0,100.0,0.0
16.1,16,45.0,100.0,55.0
