seccion,n_items,calidad,completitud,brecha
1,6,66.33333333333334,84.66666666666667,18.33333333333333
2,7,65.85714285714288,72.85714285714285,6.999999999999972
3,5,59.199999999999996,68.4,9.20000000000001
4,4,62.25000000000001,85.0,22.749999999999993
5,4,72.0,77.0,5.0
6,4,55.00000000000001,74.0,18.999999999999993
7,3,75.99999999999999,78.0,2.000000000000014
8,4,55.00000000000001,85.5,30.499999999999993
9,2,83.5,100.0,16.5
10,7,53.85714285714285,81.42857142857143,27.571428571428584
11,6,46.5,56.666666666666664,10.166666666666664
12,6,44.5,71.66666666666667,27.16666666666667
13,2,65.0,90.0,25.0
14,7,58.85714285714286,72.0,13.142857142857139
15,2,49.5,99.0,49.5
16,2,72.5,100.0,27.5
