EVALUADOR,ORDEN_FDS,FDS_ID,SECCION,ITEM,NOMBRE_ITEM,PRESENCIA,CALIDAD,OBSERVACION
2,1,F01-P03-I,S1,1.0,Título: Identificación del producto,,,
2,1,F01-P03-I,S1,1.1,Identificador SGA del producto,,,
2,1,F01-P03-I,S1,1.2,Otros medios de identificación,,,
2,1,F01-P03-I,S1,1.3,Uso recomendado del producto químico y restricciones de uso,,,
2,1,F01-P03-I,S1,1.4,Datos del proveedor,,,
2,1,F01-P03-I,S1,1.5,Número de teléfono para emergencias,,,
2,1,F01-P03-I,S2,2.0,Título: Identificación del peligro o peligros,,,
2,1,F01-P03-I,S2,2.1,Clasificación  SGA  de  la  sustancia/mezcla  y  cualquier  información nacional o regional,,,
2,1,F01-P03-I,S2,2.1.1,Elementos de la etiqueta SGA: Pictogramas,,,
2,1,F01-P03-I,S2,2.1.2,Elementos de la etiqueta SGA: Palabra de Advertencia,,,
2,1,F01-P03-I,S2,2.1.3,Elementos de la etiqueta SGA: Indicaciones de Peligro,,,
2,1,F01-P03-I,S2,2.1.4,Elementos de la etiqueta SGA Consejos de Prudencia,,,
2,1,F01-P03-I,S2,2.2,"Otros peligros que no figuren en la clasificación (por ejemplo, peligro de explosión de partículas de polvo) o que no están cubiertos por el SGA",,,
2,1,F01-P03-I,S3,3.0,Título: Composición/información sobre los componentes,,,
2,1,F01-P03-I,S3,3.2.1,Identidad química de la sustancia,,,
2,1,F01-P03-I,S3,3.2.1.1,Nombres comunes o sinónimos de la mezcla,,,
2,1,F01-P03-I,S3,3.2.1.2,Número CAS y otros identificadores únicos de la mezcla,,,
2,1,F01-P03-I,S3,3.2.1.3,Concentración o gamas de concentraciones de todos los componentes de la mezcla,,,
2,1,F01-P03-I,S4,4.0,Título: Primeros auxilios,,,
2,1,F01-P03-I,S4,4.1,"Descripción de las medidas necesarias, desglosadas con arreglo a las diferentes vías de exposición, esto es, inhalación, contacto cutáneo y ocular e ingestión",,,
2,1,F01-P03-I,S4,4.2,"Síntomas/efectos más importantes, agudos y retardados",,,
2,1,F01-P03-I,S4,4.3,Indicación de la necesidad de recibir atención médica inmediata y tratamiento especial requerido en caso necesario,,,
2,1,F01-P03-I,S5,5.0,Título: Medidas de lucha contra incendios,,,
2,1,F01-P03-I,S5,5.1,Medios adecuados (o no adecuados) de extinción,,,
2,1,F01-P03-I,S5,5.2,Peligros específicos del producto químico,,,
2,1,F01-P03-I,S5,5.3,Medidas especiales que deben tomar los equipos de lucha contra incendios,,,
2,1,F01-P03-I,S6,6.0,Título: Medidas que deben tomarse en caso de vertido accidental,,,
2,1,F01-P03-I,S6,6.1,"Precauciones individuales, equipos de protección y procedimientos de emergencia",,,
2,1,F01-P03-I,S6,6.2,Precauciones relativas al medio ambiente,,,
2,1,F01-P03-I,S6,6.3,Métodos y materiales para la contención y limpieza de vertidos,,,
2,1,F01-P03-I,S7,7.0,Título: Manipulación y almacenamiento,,,
2,1,F01-P03-I,S7,7.1,Precauciones que se deben tomar para garantizar una manipulación segura,,,
2,1,F01-P03-I,S7,7.2,"Condiciones   de   almacenamiento   seguro,   incluidas   cualesquiera incompatibilidades",,,
2,1,F01-P03-I,S8,8.0,Controles de exposición/protección personal,,,
2,1,F01-P03-I,S8,8.1,Parámetros  de  control:  límites  o  valores  de  corte  de  exposición ocupacionales o biológicos,,,
2,1,F01-P03-I,S8,8.2,Controles técnicos apropiados,,,
2,1,F01-P03-I,S8,8.3,"Medidas  de  protección  individual,  como  equipos  de  protección personal",,,
2,1,F01-P03-I,S9,9.0,Título: Propiedades físicas y químicas,,,
2,1,F01-P03-I,S9,9.1,Propiedades fisicas y químicas,,,
2,1,F01-P03-I,S10,10.0,Título: Estabilidad y reactividad,,,
2,1,F01-P03-I,S10,10.2.1,Reactividad,,,
2,1,F01-P03-I,S10,10.2.2,Estabilidad química,,,
2,1,F01-P03-I,S10,10.2.3,Posibilidad de reacciones peligrosas,,,
2,1,F01-P03-I,S10,10.2.4,Condiciones que deben evitarse,,,
2,1,F01-P03-I,S10,10.2.5,Materiales incompatibles,,,
2,1,F01-P03-I,S10,10.2.6,Productos de descomposición peligrosos,,,
2,1,F01-P03-I,S11,11.0,Título: Información toxicológica,,,
2,1,F01-P03-I,S11,11.1,Efectos toxicológicos,,,
2,1,F01-P03-I,S11,11.2,Información sobre las posibles vías de exposición,,,
2,1,F01-P03-I,S11,11.3,"Síntomas relacionados con las características físicas, químicas y toxicológicas",,,
2,1,F01-P03-I,S11,11.4,Efectos inmediatos y retardados así como efectos crónicos producidos por una exposición a corto y largo plazo,,,
2,1,F01-P03-I,S11,11.5,Medidas numéricas de toxicidad (tales como estimaciones de toxicidad aguda),,,
2,1,F01-P03-I,S12,12.0,Título: Información ecotoxicológica,,,
2,1,F01-P03-I,S12,12.1,Toxicidad,,,
2,1,F01-P03-I,S12,12.2,Persistencia y degradabilidad,,,
2,1,F01-P03-I,S12,12.3,Potencial de bioacumulación,,,
2,1,F01-P03-I,S12,12.4,Movilidad en el suelo,,,
2,1,F01-P03-I,S12,12.5,Otros efectos adversos,,,
2,1,F01-P03-I,S13,13.0,Título: Información relativa a la eliminación de los productos,,,
2,1,F01-P03-I,S13,13.1,Métodos de eliminación,,,
2,1,F01-P03-I,S14,14.0,Título: Información relativa al transporte,,,
2,1,F01-P03-I,S14,14.1,Número ONU,,,
2,1,F01-P03-I,S14,14.2,Designación oficial de transporte de las Naciones Unidas,,,
2,1,F01-P03-I,S14,14.3,Clase(s) relativas al transporte,,,
2,1,F01-P03-I,S14,14.4,Grupo de embalaje/envasado si se aplica,,,
2,1,F01-P03-I,S14,14.5,Riesgos ambientales,,,
2,1,F01-P03-I,S14,14.6,Precauciones especiales para el usuario,,,
2,1,F01-P03-I,S15,15.0,Título: Información sobre la reglamentación,,,
2,1,F01-P03-I,S15,15.1,"Disposiciones específicas sobre seguridad, salud y medio ambiente para el producto de que se trate",,,
2,1,F01-P03-I,S16,16.0,Título: Otras informaciones,,,
2,1,F01-P03-I,S16,16.1,Otras informaciones,,,
2,2,F06-P01-I,S1,1.0,Título: Identificación del producto,,,
2,2,F06-P01-I,S1,1.1,Identificador SGA del producto,,,
2,2,F06-P01-I,S1,1.2,Otros medios de identificación,,,
2,2,F06-P01-I,S1,1.3,Uso recomendado del producto químico y restricciones de uso,,,
2,2,F06-P01-I,S1,1.4,Datos del proveedor,,,
2,2,F06-P01-I,S1,1.5,Número de teléfono para emergencias,,,
2,2,F06-P01-I,S2,2.0,Título: Identificación del peligro o peligros,,,
2,2,F06-P01-I,S2,2.1,Clasificación  SGA  de  la  sustancia/mezcla  y  cualquier  información nacional o regional,,,
2,2,F06-P01-I,S2,2.1.1,Elementos de la etiqueta SGA: Pictogramas,,,
2,2,F06-P01-I,S2,2.1.2,Elementos de la etiqueta SGA: Palabra de Advertencia,,,
2,2,F06-P01-I,S2,2.1.3,Elementos de la etiqueta SGA: Indicaciones de Peligro,,,
2,2,F06-P01-I,S2,2.1.4,Elementos de la etiqueta SGA Consejos de Prudencia,,,
2,2,F06-P01-I,S2,2.2,"Otros peligros que no figuren en la clasificación (por ejemplo, peligro de explosión de partículas de polvo) o que no están cubiertos por el SGA",,,
2,2,F06-P01-I,S3,3.0,Título: Composición/información sobre los componentes,,,
2,2,F06-P01-I,S3,3.2.1,Identidad química de la sustancia,,,
2,2,F06-P01-I,S3,3.2.1.1,Nombres comunes o sinónimos de la mezcla,,,
2,2,F06-P01-I,S3,3.2.1.2,Número CAS y otros identificadores únicos de la mezcla,,,
2,2,F06-P01-I,S3,3.2.1.3,Concentración o gamas de concentraciones de todos los componentes de la mezcla,,,
2,2,F06-P01-I,S4,4.0,Título: Primeros auxilios,,,
2,2,F06-P01-I,S4,4.1,"Descripción de las medidas necesarias, desglosadas con arreglo a las diferentes vías de exposición, esto es, inhalación, contacto cutáneo y ocular e ingestión",,,
2,2,F06-P01-I,S4,4.2,"Síntomas/efectos más importantes, agudos y retardados",,,
2,2,F06-P01-I,S4,4.3,Indicación de la necesidad de recibir atención médica inmediata y tratamiento especial requerido en caso necesario,,,
2,2,F06-P01-I,S5,5.0,Título: Medidas de lucha contra incendios,,,
2,2,F06-P01-I,S5,5.1,Medios adecuados (o no adecuados) de extinción,,,
2,2,F06-P01-I,S5,5.2,Peligros específicos del producto químico,,,
2,2,F06-P01-I,S5,5.3,Medidas especiales que deben tomar los equipos de lucha contra incendios,,,
2,2,F06-P01-I,S6,6.0,Título: Medidas que deben tomarse en caso de vertido accidental,,,
2,2,F06-P01-I,S6,6.1,"Precauciones individuales, equipos de protección y procedimientos de emergencia",,,
2,2,F06-P01-I,S6,6.2,Precauciones relativas al medio ambiente,,,
2,2,F06-P01-I,S6,6.3,Métodos y materiales para la contención y limpieza de vertidos,,,
2,2,F06-P01-I,S7,7.0,Título: Manipulación y almacenamiento,,,
2,2,F06-P01-I,S7,7.1,Precauciones que se deben tomar para garantizar una manipulación segura,,,
2,2,F06-P01-I,S7,7.2,"Condiciones   de   almacenamiento   seguro,   incluidas   cualesquiera incompatibilidades",,,
2,2,F06-P01-I,S8,8.0,Controles de exposición/protección personal,,,
2,2,F06-P01-I,S8,8.1,Parámetros  de  control:  límites  o  valores  de  corte  de  exposición ocupacionales o biológicos,,,
2,2,F06-P01-I,S8,8.2,Controles técnicos apropiados,,,
2,2,F06-P01-I,S8,8.3,"Medidas  de  protección  individual,  como  equipos  de  protección personal",,,
2,2,F06-P01-I,S9,9.0,Título: Propiedades físicas y químicas,,,
2,2,F06-P01-I,S9,9.1,Propiedades fisicas y químicas,,,
2,2,F06-P01-I,S10,10.0,Título: Estabilidad y reactividad,,,
2,2,F06-P01-I,S10,10.2.1,Reactividad,,,
2,2,F06-P01-I,S10,10.2.2,Estabilidad química,,,
2,2,F06-P01-I,S10,10.2.3,Posibilidad de reacciones peligrosas,,,
2,2,F06-P01-I,S10,10.2.4,Condiciones que deben evitarse,,,
2,2,F06-P01-I,S10,10.2.5,Materiales incompatibles,,,
2,2,F06-P01-I,S10,10.2.6,Productos de descomposición peligrosos,,,
2,2,F06-P01-I,S11,11.0,Título: Información toxicológica,,,
2,2,F06-P01-I,S11,11.1,Efectos toxicológicos,,,
2,2,F06-P01-I,S11,11.2,Información sobre las posibles vías de exposición,,,
2,2,F06-P01-I,S11,11.3,"Síntomas relacionados con las características físicas, químicas y toxicológicas",,,
2,2,F06-P01-I,S11,11.4,Efectos inmediatos y retardados así como efectos crónicos producidos por una exposición a corto y largo plazo,,,
2,2,F06-P01-I,S11,11.5,Medidas numéricas de toxicidad (tales como estimaciones de toxicidad aguda),,,
2,2,F06-P01-I,S12,12.0,Título: Información ecotoxicológica,,,
2,2,F06-P01-I,S12,12.1,Toxicidad,,,
2,2,F06-P01-I,S12,12.2,Persistencia y degradabilidad,,,
2,2,F06-P01-I,S12,12.3,Potencial de bioacumulación,,,
2,2,F06-P01-I,S12,12.4,Movilidad en el suelo,,,
2,2,F06-P01-I,S12,12.5,Otros efectos adversos,,,
2,2,F06-P01-I,S13,13.0,Título: Información relativa a la eliminación de los productos,,,
2,2,F06-P01-I,S13,13.1,Métodos de eliminación,,,
2,2,F06-P01-I,S14,14.0,Título: Información relativa al transporte,,,
2,2,F06-P01-I,S14,14.1,Número ONU,,,
2,2,F06-P01-I,S14,14.2,Designación oficial de transporte de las Naciones Unidas,,,
2,2,F06-P01-I,S14,14.3,Clase(s) relativas al transporte,,,
2,2,F06-P01-I,S14,14.4,Grupo de embalaje/envasado si se aplica,,,
2,2,F06-P01-I,S14,14.5,Riesgos ambientales,,,
2,2,F06-P01-I,S14,14.6,Precauciones especiales para el usuario,,,
2,2,F06-P01-I,S15,15.0,Título: Información sobre la reglamentación,,,
2,2,F06-P01-I,S15,15.1,"Disposiciones específicas sobre seguridad, salud y medio ambiente para el producto de que se trate",,,
2,2,F06-P01-I,S16,16.0,Título: Otras informaciones,,,
2,2,F06-P01-I,S16,16.1,Otras informaciones,,,
2,3,F03-P05-D,S1,1.0,Título: Identificación del producto,,,
2,3,F03-P05-D,S1,1.1,Identificador SGA del producto,,,
2,3,F03-P05-D,S1,1.2,Otros medios de identificación,,,
2,3,F03-P05-D,S1,1.3,Uso recomendado del producto químico y restricciones de uso,,,
2,3,F03-P05-D,S1,1.4,Datos del proveedor,,,
2,3,F03-P05-D,S1,1.5,Número de teléfono para emergencias,,,
2,3,F03-P05-D,S2,2.0,Título: Identificación del peligro o peligros,,,
2,3,F03-P05-D,S2,2.1,Clasificación  SGA  de  la  sustancia/mezcla  y  cualquier  información nacional o regional,,,
2,3,F03-P05-D,S2,2.1.1,Elementos de la etiqueta SGA: Pictogramas,,,
2,3,F03-P05-D,S2,2.1.2,Elementos de la etiqueta SGA: Palabra de Advertencia,,,
2,3,F03-P05-D,S2,2.1.3,Elementos de la etiqueta SGA: Indicaciones de Peligro,,,
2,3,F03-P05-D,S2,2.1.4,Elementos de la etiqueta SGA Consejos de Prudencia,,,
2,3,F03-P05-D,S2,2.2,"Otros peligros que no figuren en la clasificación (por ejemplo, peligro de explosión de partículas de polvo) o que no están cubiertos por el SGA",,,
2,3,F03-P05-D,S3,3.0,Título: Composición/información sobre los componentes,,,
2,3,F03-P05-D,S3,3.2.1,Identidad química de la sustancia,,,
2,3,F03-P05-D,S3,3.2.1.1,Nombres comunes o sinónimos de la mezcla,,,
2,3,F03-P05-D,S3,3.2.1.2,Número CAS y otros identificadores únicos de la mezcla,,,
2,3,F03-P05-D,S3,3.2.1.3,Concentración o gamas de concentraciones de todos los componentes de la mezcla,,,
2,3,F03-P05-D,S4,4.0,Título: Primeros auxilios,,,
2,3,F03-P05-D,S4,4.1,"Descripción de las medidas necesarias, desglosadas con arreglo a las diferentes vías de exposición, esto es, inhalación, contacto cutáneo y ocular e ingestión",,,
2,3,F03-P05-D,S4,4.2,"Síntomas/efectos más importantes, agudos y retardados",,,
2,3,F03-P05-D,S4,4.3,Indicación de la necesidad de recibir atención médica inmediata y tratamiento especial requerido en caso necesario,,,
2,3,F03-P05-D,S5,5.0,Título: Medidas de lucha contra incendios,,,
2,3,F03-P05-D,S5,5.1,Medios adecuados (o no adecuados) de extinción,,,
2,3,F03-P05-D,S5,5.2,Peligros específicos del producto químico,,,
2,3,F03-P05-D,S5,5.3,Medidas especiales que deben tomar los equipos de lucha contra incendios,,,
2,3,F03-P05-D,S6,6.0,Título: Medidas que deben tomarse en caso de vertido accidental,,,
2,3,F03-P05-D,S6,6.1,"Precauciones individuales, equipos de protección y procedimientos de emergencia",,,
2,3,F03-P05-D,S6,6.2,Precauciones relativas al medio ambiente,,,
2,3,F03-P05-D,S6,6.3,Métodos y materiales para la contención y limpieza de vertidos,,,
2,3,F03-P05-D,S7,7.0,Título: Manipulación y almacenamiento,,,
2,3,F03-P05-D,S7,7.1,Precauciones que se deben tomar para garantizar una manipulación segura,,,
2,3,F03-P05-D,S7,7.2,"Condiciones   de   almacenamiento   seguro,   incluidas   cualesquiera incompatibilidades",,,
2,3,F03-P05-D,S8,8.0,Controles de exposición/protección personal,,,
2,3,F03-P05-D,S8,8.1,Parámetros  de  control:  límites  o  valores  de  corte  de  exposición ocupacionales o biológicos,,,
2,3,F03-P05-D,S8,8.2,Controles técnicos apropiados,,,
2,3,F03-P05-D,S8,8.3,"Medidas  de  protección  individual,  como  equipos  de  protección personal",,,
2,3,F03-P05-D,S9,9.0,Título: Propiedades físicas y químicas,,,
2,3,F03-P05-D,S9,9.1,Propiedades fisicas y químicas,,,
2,3,F03-P05-D,S10,10.0,Título: Estabilidad y reactividad,,,
2,3,F03-P05-D,S10,10.2.1,Reactividad,,,
2,3,F03-P05-D,S10,10.2.2,Estabilidad química,,,
2,3,F03-P05-D,S10,10.2.3,Posibilidad de reacciones peligrosas,,,
2,3,F03-P05-D,S10,10.2.4,Condiciones que deben evitarse,,,
2,3,F03-P05-D,S10,10.2.5,Materiales incompatibles,,,
2,3,F03-P05-D,S10,10.2.6,Productos de descomposición peligrosos,,,
2,3,F03-P05-D,S11,11.0,Título: Información toxicológica,,,
2,3,F03-P05-D,S11,11.1,Efectos toxicológicos,,,
2,3,F03-P05-D,S11,11.2,Información sobre las posibles vías de exposición,,,
2,3,F03-P05-D,S11,11.3,"Síntomas relacionados con las características físicas, químicas y toxicológicas",,,
2,3,F03-P05-D,S11,11.4,Efectos inmediatos y retardados así como efectos crónicos producidos por una exposición a corto y largo plazo,,,
2,3,F03-P05-D,S11,11.5,Medidas numéricas de toxicidad (tales como estimaciones de toxicidad aguda),,,
2,3,F03-P05-D,S12,12.0,Título: Información ecotoxicológica,,,
2,3,F03-P05-D,S12,12.1,Toxicidad,,,
2,3,F03-P05-D,S12,12.2,Persistencia y degradabilidad,,,
2,3,F03-P05-D,S12,12.3,Potencial de bioacumulación,,,
2,3,F03-P05-D,S12,12.4,Movilidad en el suelo,,,
2,3,F03-P05-D,S12,12.5,Otros efectos adversos,,,
2,3,F03-P05-D,S13,13.0,Título: Información relativa a la eliminación de los productos,,,
2,3,F03-P05-D,S13,13.1,Métodos de eliminación,,,
2,3,F03-P05-D,S14,14.0,Título: Información relativa al transporte,,,
2,3,F03-P05-D,S14,14.1,Número ONU,,,
2,3,F03-P05-D,S14,14.2,Designación oficial de transporte de las Naciones Unidas,,,
2,3,F03-P05-D,S14,14.3,Clase(s) relativas al transporte,,,
2,3,F03-P05-D,S14,14.4,Grupo de embalaje/envasado si se aplica,,,
2,3,F03-P05-D,S14,14.5,Riesgos ambientales,,,
2,3,F03-P05-D,S14,14.6,Precauciones especiales para el usuario,,,
2,3,F03-P05-D,S15,15.0,Título: Información sobre la reglamentación,,,
2,3,F03-P05-D,S15,15.1,"Disposiciones específicas sobre seguridad, salud y medio ambiente para el producto de que se trate",,,
2,3,F03-P05-D,S16,16.0,Título: Otras informaciones,,,
2,3,F03-P05-D,S16,16.1,Otras informaciones,,,
2,4,F02-P02-D,S1,1.0,Título: Identificación del producto,,,
2,4,F02-P02-D,S1,1.1,Identificador SGA del producto,,,
2,4,F02-P02-D,S1,1.2,Otros medios de identificación,,,
2,4,F02-P02-D,S1,1.3,Uso recomendado del producto químico y restricciones de uso,,,
2,4,F02-P02-D,S1,1.4,Datos del proveedor,,,
2,4,F02-P02-D,S1,1.5,Número de teléfono para emergencias,,,
2,4,F02-P02-D,S2,2.0,Título: Identificación del peligro o peligros,,,
2,4,F02-P02-D,S2,2.1,Clasificación  SGA  de  la  sustancia/mezcla  y  cualquier  información nacional o regional,,,
2,4,F02-P02-D,S2,2.1.1,Elementos de la etiqueta SGA: Pictogramas,,,
2,4,F02-P02-D,S2,2.1.2,Elementos de la etiqueta SGA: Palabra de Advertencia,,,
2,4,F02-P02-D,S2,2.1.3,Elementos de la etiqueta SGA: Indicaciones de Peligro,,,
2,4,F02-P02-D,S2,2.1.4,Elementos de la etiqueta SGA Consejos de Prudencia,,,
2,4,F02-P02-D,S2,2.2,"Otros peligros que no figuren en la clasificación (por ejemplo, peligro de explosión de partículas de polvo) o que no están cubiertos por el SGA",,,
2,4,F02-P02-D,S3,3.0,Título: Composición/información sobre los componentes,,,
2,4,F02-P02-D,S3,3.2.1,Identidad química de la sustancia,,,
2,4,F02-P02-D,S3,3.2.1.1,Nombres comunes o sinónimos de la mezcla,,,
2,4,F02-P02-D,S3,3.2.1.2,Número CAS y otros identificadores únicos de la mezcla,,,
2,4,F02-P02-D,S3,3.2.1.3,Concentración o gamas de concentraciones de todos los componentes de la mezcla,,,
2,4,F02-P02-D,S4,4.0,Título: Primeros auxilios,,,
2,4,F02-P02-D,S4,4.1,"Descripción de las medidas necesarias, desglosadas con arreglo a las diferentes vías de exposición, esto es, inhalación, contacto cutáneo y ocular e ingestión",,,
2,4,F02-P02-D,S4,4.2,"Síntomas/efectos más importantes, agudos y retardados",,,
2,4,F02-P02-D,S4,4.3,Indicación de la necesidad de recibir atención médica inmediata y tratamiento especial requerido en caso necesario,,,
2,4,F02-P02-D,S5,5.0,Título: Medidas de lucha contra incendios,,,
2,4,F02-P02-D,S5,5.1,Medios adecuados (o no adecuados) de extinción,,,
2,4,F02-P02-D,S5,5.2,Peligros específicos del producto químico,,,
2,4,F02-P02-D,S5,5.3,Medidas especiales que deben tomar los equipos de lucha contra incendios,,,
2,4,F02-P02-D,S6,6.0,Título: Medidas que deben tomarse en caso de vertido accidental,,,
2,4,F02-P02-D,S6,6.1,"Precauciones individuales, equipos de protección y procedimientos de emergencia",,,
2,4,F02-P02-D,S6,6.2,Precauciones relativas al medio ambiente,,,
2,4,F02-P02-D,S6,6.3,Métodos y materiales para la contención y limpieza de vertidos,,,
2,4,F02-P02-D,S7,7.0,Título: Manipulación y almacenamiento,,,
2,4,F02-P02-D,S7,7.1,Precauciones que se deben tomar para garantizar una manipulación segura,,,
2,4,F02-P02-D,S7,7.2,"Condiciones   de   almacenamiento   seguro,   incluidas   cualesquiera incompatibilidades",,,
2,4,F02-P02-D,S8,8.0,Controles de exposición/protección personal,,,
2,4,F02-P02-D,S8,8.1,Parámetros  de  control:  límites  o  valores  de  corte  de  exposición ocupacionales o biológicos,,,
2,4,F02-P02-D,S8,8.2,Controles técnicos apropiados,,,
2,4,F02-P02-D,S8,8.3,"Medidas  de  protección  individual,  como  equipos  de  protección personal",,,
2,4,F02-P02-D,S9,9.0,Título: Propiedades físicas y químicas,,,
2,4,F02-P02-D,S9,9.1,Propiedades fisicas y químicas,,,
2,4,F02-P02-D,S10,10.0,Título: Estabilidad y reactividad,,,
2,4,F02-P02-D,S10,10.2.1,Reactividad,,,
2,4,F02-P02-D,S10,10.2.2,Estabilidad química,,,
2,4,F02-P02-D,S10,10.2.3,Posibilidad de reacciones peligrosas,,,
2,4,F02-P02-D,S10,10.2.4,Condiciones que deben evitarse,,,
2,4,F02-P02-D,S10,10.2.5,Materiales incompatibles,,,
2,4,F02-P02-D,S10,10.2.6,Productos de descomposición peligrosos,,,
2,4,F02-P02-D,S11,11.0,Título: Información toxicológica,,,
2,4,F02-P02-D,S11,11.1,Efectos toxicológicos,,,
2,4,F02-P02-D,S11,11.2,Información sobre las posibles vías de exposición,,,
2,4,F02-P02-D,S11,11.3,"Síntomas relacionados con las características físicas, químicas y toxicológicas",,,
2,4,F02-P02-D,S11,11.4,Efectos inmediatos y retardados así como efectos crónicos producidos por una exposición a corto y largo plazo,,,
2,4,F02-P02-D,S11,11.5,Medidas numéricas de toxicidad (tales como estimaciones de toxicidad aguda),,,
2,4,F02-P02-D,S12,12.0,Título: Información ecotoxicológica,,,
2,4,F02-P02-D,S12,12.1,Toxicidad,,,
2,4,F02-P02-D,S12,12.2,Persistencia y degradabilidad,,,
2,4,F02-P02-D,S12,12.3,Potencial de bioacumulación,,,
2,4,F02-P02-D,S12,12.4,Movilidad en el suelo,,,
2,4,F02-P02-D,S12,12.5,Otros efectos adversos,,,
2,4,F02-P02-D,S13,13.0,Título: Información relativa a la eliminación de los productos,,,
2,4,F02-P02-D,S13,13.1,Métodos de eliminación,,,
2,4,F02-P02-D,S14,14.0,Título: Información relativa al transporte,,,
2,4,F02-P02-D,S14,14.1,Número ONU,,,
2,4,F02-P02-D,S14,14.2,Designación oficial de transporte de las Naciones Unidas,,,
2,4,F02-P02-D,S14,14.3,Clase(s) relativas al transporte,,,
2,4,F02-P02-D,S14,14.4,Grupo de embalaje/envasado si se aplica,,,
2,4,F02-P02-D,S14,14.5,Riesgos ambientales,,,
2,4,F02-P02-D,S14,14.6,Precauciones especiales para el usuario,,,
2,4,F02-P02-D,S15,15.0,Título: Información sobre la reglamentación,,,
2,4,F02-P02-D,S15,15.1,"Disposiciones específicas sobre seguridad, salud y medio ambiente para el producto de que se trate",,,
2,4,F02-P02-D,S16,16.0,Título: Otras informaciones,,,
2,4,F02-P02-D,S16,16.1,Otras informaciones,,,
2,5,F03-P04-I,S1,1.0,Título: Identificación del producto,,,
2,5,F03-P04-I,S1,1.1,Identificador SGA del producto,,,
2,5,F03-P04-I,S1,1.2,Otros medios de identificación,,,
2,5,F03-P04-I,S1,1.3,Uso recomendado del producto químico y restricciones de uso,,,
2,5,F03-P04-I,S1,1.4,Datos del proveedor,,,
2,5,F03-P04-I,S1,1.5,Número de teléfono para emergencias,,,
2,5,F03-P04-I,S2,2.0,Título: Identificación del peligro o peligros,,,
2,5,F03-P04-I,S2,2.1,Clasificación  SGA  de  la  sustancia/mezcla  y  cualquier  información nacional o regional,,,
2,5,F03-P04-I,S2,2.1.1,Elementos de la etiqueta SGA: Pictogramas,,,
2,5,F03-P04-I,S2,2.1.2,Elementos de la etiqueta SGA: Palabra de Advertencia,,,
2,5,F03-P04-I,S2,2.1.3,Elementos de la etiqueta SGA: Indicaciones de Peligro,,,
2,5,F03-P04-I,S2,2.1.4,Elementos de la etiqueta SGA Consejos de Prudencia,,,
2,5,F03-P04-I,S2,2.2,"Otros peligros que no figuren en la clasificación (por ejemplo, peligro de explosión de partículas de polvo) o que no están cubiertos por el SGA",,,
2,5,F03-P04-I,S3,3.0,Título: Composición/información sobre los componentes,,,
2,5,F03-P04-I,S3,3.2.1,Identidad química de la sustancia,,,
2,5,F03-P04-I,S3,3.2.1.1,Nombres comunes o sinónimos de la mezcla,,,
2,5,F03-P04-I,S3,3.2.1.2,Número CAS y otros identificadores únicos de la mezcla,,,
2,5,F03-P04-I,S3,3.2.1.3,Concentración o gamas de concentraciones de todos los componentes de la mezcla,,,
2,5,F03-P04-I,S4,4.0,Título: Primeros auxilios,,,
2,5,F03-P04-I,S4,4.1,"Descripción de las medidas necesarias, desglosadas con arreglo a las diferentes vías de exposición, esto es, inhalación, contacto cutáneo y ocular e ingestión",,,
2,5,F03-P04-I,S4,4.2,"Síntomas/efectos más importantes, agudos y retardados",,,
2,5,F03-P04-I,S4,4.3,Indicación de la necesidad de recibir atención médica inmediata y tratamiento especial requerido en caso necesario,,,
2,5,F03-P04-I,S5,5.0,Título: Medidas de lucha contra incendios,,,
2,5,F03-P04-I,S5,5.1,Medios adecuados (o no adecuados) de extinción,,,
2,5,F03-P04-I,S5,5.2,Peligros específicos del producto químico,,,
2,5,F03-P04-I,S5,5.3,Medidas especiales que deben tomar los equipos de lucha contra incendios,,,
2,5,F03-P04-I,S6,6.0,Título: Medidas que deben tomarse en caso de vertido accidental,,,
2,5,F03-P04-I,S6,6.1,"Precauciones individuales, equipos de protección y procedimientos de emergencia",,,
2,5,F03-P04-I,S6,6.2,Precauciones relativas al medio ambiente,,,
2,5,F03-P04-I,S6,6.3,Métodos y materiales para la contención y limpieza de vertidos,,,
2,5,F03-P04-I,S7,7.0,Título: Manipulación y almacenamiento,,,
2,5,F03-P04-I,S7,7.1,Precauciones que se deben tomar para garantizar una manipulación segura,,,
2,5,F03-P04-I,S7,7.2,"Condiciones   de   almacenamiento   seguro,   incluidas   cualesquiera incompatibilidades",,,
2,5,F03-P04-I,S8,8.0,Controles de exposición/protección personal,,,
2,5,F03-P04-I,S8,8.1,Parámetros  de  control:  límites  o  valores  de  corte  de  exposición ocupacionales o biológicos,,,
2,5,F03-P04-I,S8,8.2,Controles técnicos apropiados,,,
2,5,F03-P04-I,S8,8.3,"Medidas  de  protección  individual,  como  equipos  de  protección personal",,,
2,5,F03-P04-I,S9,9.0,Título: Propiedades físicas y químicas,,,
2,5,F03-P04-I,S9,9.1,Propiedades fisicas y químicas,,,
2,5,F03-P04-I,S10,10.0,Título: Estabilidad y reactividad,,,
2,5,F03-P04-I,S10,10.2.1,Reactividad,,,
2,5,F03-P04-I,S10,10.2.2,Estabilidad química,,,
2,5,F03-P04-I,S10,10.2.3,Posibilidad de reacciones peligrosas,,,
2,5,F03-P04-I,S10,10.2.4,Condiciones que deben evitarse,,,
2,5,F03-P04-I,S10,10.2.5,Materiales incompatibles,,,
2,5,F03-P04-I,S10,10.2.6,Productos de descomposición peligrosos,,,
2,5,F03-P04-I,S11,11.0,Título: Información toxicológica,,,
2,5,F03-P04-I,S11,11.1,Efectos toxicológicos,,,
2,5,F03-P04-I,S11,11.2,Información sobre las posibles vías de exposición,,,
2,5,F03-P04-I,S11,11.3,"Síntomas relacionados con las características físicas, químicas y toxicológicas",,,
2,5,F03-P04-I,S11,11.4,Efectos inmediatos y retardados así como efectos crónicos producidos por una exposición a corto y largo plazo,,,
2,5,F03-P04-I,S11,11.5,Medidas numéricas de toxicidad (tales como estimaciones de toxicidad aguda),,,
2,5,F03-P04-I,S12,12.0,Título: Información ecotoxicológica,,,
2,5,F03-P04-I,S12,12.1,Toxicidad,,,
2,5,F03-P04-I,S12,12.2,Persistencia y degradabilidad,,,
2,5,F03-P04-I,S12,12.3,Potencial de bioacumulación,,,
2,5,F03-P04-I,S12,12.4,Movilidad en el suelo,,,
2,5,F03-P04-I,S12,12.5,Otros efectos adversos,,,
2,5,F03-P04-I,S13,13.0,Título: Información relativa a la eliminación de los productos,,,
2,5,F03-P04-I,S13,13.1,Métodos de eliminación,,,
2,5,F03-P04-I,S14,14.0,Título: Información relativa al transporte,,,
2,5,F03-P04-I,S14,14.1,Número ONU,,,
2,5,F03-P04-I,S14,14.2,Designación oficial de transporte de las Naciones Unidas,,,
2,5,F03-P04-I,S14,14.3,Clase(s) relativas al transporte,,,
2,5,F03-P04-I,S14,14.4,Grupo de embalaje/envasado si se aplica,,,
2,5,F03-P04-I,S14,14.5,Riesgos ambientales,,,
2,5,F03-P04-I,S14,14.6,Precauciones especiales para el usuario,,,
2,5,F03-P04-I,S15,15.0,Título: Información sobre la reglamentación,,,
2,5,F03-P04-I,S15,15.1,"Disposiciones específicas sobre seguridad, salud y medio ambiente para el producto de que se trate",,,
2,5,F03-P04-I,S16,16.0,Título: Otras informaciones,,,
2,5,F03-P04-I,S16,16.1,Otras informaciones,,,
2,6,F05-P04-I,S1,1.0,Título: Identificación del producto,,,
2,6,F05-P04-I,S1,1.1,Identificador SGA del producto,,,
2,6,F05-P04-I,S1,1.2,Otros medios de identificación,,,
2,6,F05-P04-I,S1,1.3,Uso recomendado del producto químico y restricciones de uso,,,
2,6,F05-P04-I,S1,1.4,Datos del proveedor,,,
2,6,F05-P04-I,S1,1.5,Número de teléfono para emergencias,,,
2,6,F05-P04-I,S2,2.0,Título: Identificación del peligro o peligros,,,
2,6,F05-P04-I,S2,2.1,Clasificación  SGA  de  la  sustancia/mezcla  y  cualquier  información nacional o regional,,,
2,6,F05-P04-I,S2,2.1.1,Elementos de la etiqueta SGA: Pictogramas,,,
2,6,F05-P04-I,S2,2.1.2,Elementos de la etiqueta SGA: Palabra de Advertencia,,,
2,6,F05-P04-I,S2,2.1.3,Elementos de la etiqueta SGA: Indicaciones de Peligro,,,
2,6,F05-P04-I,S2,2.1.4,Elementos de la etiqueta SGA Consejos de Prudencia,,,
2,6,F05-P04-I,S2,2.2,"Otros peligros que no figuren en la clasificación (por ejemplo, peligro de explosión de partículas de polvo) o que no están cubiertos por el SGA",,,
2,6,F05-P04-I,S3,3.0,Título: Composición/información sobre los componentes,,,
2,6,F05-P04-I,S3,3.2.1,Identidad química de la sustancia,,,
2,6,F05-P04-I,S3,3.2.1.1,Nombres comunes o sinónimos de la mezcla,,,
2,6,F05-P04-I,S3,3.2.1.2,Número CAS y otros identificadores únicos de la mezcla,,,
2,6,F05-P04-I,S3,3.2.1.3,Concentración o gamas de concentraciones de todos los componentes de la mezcla,,,
2,6,F05-P04-I,S4,4.0,Título: Primeros auxilios,,,
2,6,F05-P04-I,S4,4.1,"Descripción de las medidas necesarias, desglosadas con arreglo a las diferentes vías de exposición, esto es, inhalación, contacto cutáneo y ocular e ingestión",,,
2,6,F05-P04-I,S4,4.2,"Síntomas/efectos más importantes, agudos y retardados",,,
2,6,F05-P04-I,S4,4.3,Indicación de la necesidad de recibir atención médica inmediata y tratamiento especial requerido en caso necesario,,,
2,6,F05-P04-I,S5,5.0,Título: Medidas de lucha contra incendios,,,
2,6,F05-P04-I,S5,5.1,Medios adecuados (o no adecuados) de extinción,,,
2,6,F05-P04-I,S5,5.2,Peligros específicos del producto químico,,,
2,6,F05-P04-I,S5,5.3,Medidas especiales que deben tomar los equipos de lucha contra incendios,,,
2,6,F05-P04-I,S6,6.0,Título: Medidas que deben tomarse en caso de vertido accidental,,,
2,6,F05-P04-I,S6,6.1,"Precauciones individuales, equipos de protección y procedimientos de emergencia",,,
2,6,F05-P04-I,S6,6.2,Precauciones relativas al medio ambiente,,,
2,6,F05-P04-I,S6,6.3,Métodos y materiales para la contención y limpieza de vertidos,,,
2,6,F05-P04-I,S7,7.0,Título: Manipulación y almacenamiento,,,
2,6,F05-P04-I,S7,7.1,Precauciones que se deben tomar para garantizar una manipulación segura,,,
2,6,F05-P04-I,S7,7.2,"Condiciones   de   almacenamiento   seguro,   incluidas   cualesquiera incompatibilidades",,,
2,6,F05-P04-I,S8,8.0,Controles de exposición/protección personal,,,
2,6,F05-P04-I,S8,8.1,Parámetros  de  control:  límites  o  valores  de  corte  de  exposición ocupacionales o biológicos,,,
2,6,F05-P04-I,S8,8.2,Controles técnicos apropiados,,,
2,6,F05-P04-I,S8,8.3,"Medidas  de  protección  individual,  como  equipos  de  protección personal",,,
2,6,F05-P04-I,S9,9.0,Título: Propiedades físicas y químicas,,,
2,6,F05-P04-I,S9,9.1,Propiedades fisicas y químicas,,,
2,6,F05-P04-I,S10,10.0,Título: Estabilidad y reactividad,,,
2,6,F05-P04-I,S10,10.2.1,Reactividad,,,
2,6,F05-P04-I,S10,10.2.2,Estabilidad química,,,
2,6,F05-P04-I,S10,10.2.3,Posibilidad de reacciones peligrosas,,,
2,6,F05-P04-I,S10,10.2.4,Condiciones que deben evitarse,,,
2,6,F05-P04-I,S10,10.2.5,Materiales incompatibles,,,
2,6,F05-P04-I,S10,10.2.6,Productos de descomposición peligrosos,,,
2,6,F05-P04-I,S11,11.0,Título: Información toxicológica,,,
2,6,F05-P04-I,S11,11.1,Efectos toxicológicos,,,
2,6,F05-P04-I,S11,11.2,Información sobre las posibles vías de exposición,,,
2,6,F05-P04-I,S11,11.3,"Síntomas relacionados con las características físicas, químicas y toxicológicas",,,
2,6,F05-P04-I,S11,11.4,Efectos inmediatos y retardados así como efectos crónicos producidos por una exposición a corto y largo plazo,,,
2,6,F05-P04-I,S11,11.5,Medidas numéricas de toxicidad (tales como estimaciones de toxicidad aguda),,,
2,6,F05-P04-I,S12,12.0,Título: Información ecotoxicológica,,,
2,6,F05-P04-I,S12,12.1,Toxicidad,,,
2,6,F05-P04-I,S12,12.2,Persistencia y degradabilidad,,,
2,6,F05-P04-I,S12,12.3,Potencial de bioacumulación,,,
2,6,F05-P04-I,S12,12.4,Movilidad en el suelo,,,
2,6,F05-P04-I,S12,12.5,Otros efectos adversos,,,
2,6,F05-P04-I,S13,13.0,Título: Información relativa a la eliminación de los productos,,,
2,6,F05-P04-I,S13,13.1,Métodos de eliminación,,,
2,6,F05-P04-I,S14,14.0,Título: Información relativa al transporte,,,
2,6,F05-P04-I,S14,14.1,Número ONU,,,
2,6,F05-P04-I,S14,14.2,Designación oficial de transporte de las Naciones Unidas,,,
2,6,F05-P04-I,S14,14.3,Clase(s) relativas al transporte,,,
2,6,F05-P04-I,S14,14.4,Grupo de embalaje/envasado si se aplica,,,
2,6,F05-P04-I,S14,14.5,Riesgos ambientales,,,
2,6,F05-P04-I,S14,14.6,Precauciones especiales para el usuario,,,
2,6,F05-P04-I,S15,15.0,Título: Información sobre la reglamentación,,,
2,6,F05-P04-I,S15,15.1,"Disposiciones específicas sobre seguridad, salud y medio ambiente para el producto de que se trate",,,
2,6,F05-P04-I,S16,16.0,Título: Otras informaciones,,,
2,6,F05-P04-I,S16,16.1,Otras informaciones,,,
2,7,F03-P02-I,S1,1.0,Título: Identificación del producto,,,
2,7,F03-P02-I,S1,1.1,Identificador SGA del producto,,,
2,7,F03-P02-I,S1,1.2,Otros medios de identificación,,,
2,7,F03-P02-I,S1,1.3,Uso recomendado del producto químico y restricciones de uso,,,
2,7,F03-P02-I,S1,1.4,Datos del proveedor,,,
2,7,F03-P02-I,S1,1.5,Número de teléfono para emergencias,,,
2,7,F03-P02-I,S2,2.0,Título: Identificación del peligro o peligros,,,
2,7,F03-P02-I,S2,2.1,Clasificación  SGA  de  la  sustancia/mezcla  y  cualquier  información nacional o regional,,,
2,7,F03-P02-I,S2,2.1.1,Elementos de la etiqueta SGA: Pictogramas,,,
2,7,F03-P02-I,S2,2.1.2,Elementos de la etiqueta SGA: Palabra de Advertencia,,,
2,7,F03-P02-I,S2,2.1.3,Elementos de la etiqueta SGA: Indicaciones de Peligro,,,
2,7,F03-P02-I,S2,2.1.4,Elementos de la etiqueta SGA Consejos de Prudencia,,,
2,7,F03-P02-I,S2,2.2,"Otros peligros que no figuren en la clasificación (por ejemplo, peligro de explosión de partículas de polvo) o que no están cubiertos por el SGA",,,
2,7,F03-P02-I,S3,3.0,Título: Composición/información sobre los componentes,,,
2,7,F03-P02-I,S3,3.2.1,Identidad química de la sustancia,,,
2,7,F03-P02-I,S3,3.2.1.1,Nombres comunes o sinónimos de la mezcla,,,
2,7,F03-P02-I,S3,3.2.1.2,Número CAS y otros identificadores únicos de la mezcla,,,
2,7,F03-P02-I,S3,3.2.1.3,Concentración o gamas de concentraciones de todos los componentes de la mezcla,,,
2,7,F03-P02-I,S4,4.0,Título: Primeros auxilios,,,
2,7,F03-P02-I,S4,4.1,"Descripción de las medidas necesarias, desglosadas con arreglo a las diferentes vías de exposición, esto es, inhalación, contacto cutáneo y ocular e ingestión",,,
2,7,F03-P02-I,S4,4.2,"Síntomas/efectos más importantes, agudos y retardados",,,
2,7,F03-P02-I,S4,4.3,Indicación de la necesidad de recibir atención médica inmediata y tratamiento especial requerido en caso necesario,,,
2,7,F03-P02-I,S5,5.0,Título: Medidas de lucha contra incendios,,,
2,7,F03-P02-I,S5,5.1,Medios adecuados (o no adecuados) de extinción,,,
2,7,F03-P02-I,S5,5.2,Peligros específicos del producto químico,,,
2,7,F03-P02-I,S5,5.3,Medidas especiales que deben tomar los equipos de lucha contra incendios,,,
2,7,F03-P02-I,S6,6.0,Título: Medidas que deben tomarse en caso de vertido accidental,,,
2,7,F03-P02-I,S6,6.1,"Precauciones individuales, equipos de protección y procedimientos de emergencia",,,
2,7,F03-P02-I,S6,6.2,Precauciones relativas al medio ambiente,,,
2,7,F03-P02-I,S6,6.3,Métodos y materiales para la contención y limpieza de vertidos,,,
2,7,F03-P02-I,S7,7.0,Título: Manipulación y almacenamiento,,,
2,7,F03-P02-I,S7,7.1,Precauciones que se deben tomar para garantizar una manipulación segura,,,
2,7,F03-P02-I,S7,7.2,"Condiciones   de   almacenamiento   seguro,   incluidas   cualesquiera incompatibilidades",,,
2,7,F03-P02-I,S8,8.0,Controles de exposición/protección personal,,,
2,7,F03-P02-I,S8,8.1,Parámetros  de  control:  límites  o  valores  de  corte  de  exposición ocupacionales o biológicos,,,
2,7,F03-P02-I,S8,8.2,Controles técnicos apropiados,,,
2,7,F03-P02-I,S8,8.3,"Medidas  de  protección  individual,  como  equipos  de  protección personal",,,
2,7,F03-P02-I,S9,9.0,Título: Propiedades físicas y químicas,,,
2,7,F03-P02-I,S9,9.1,Propiedades fisicas y químicas,,,
2,7,F03-P02-I,S10,10.0,Título: Estabilidad y reactividad,,,
2,7,F03-P02-I,S10,10.2.1,Reactividad,,,
2,7,F03-P02-I,S10,10.2.2,Estabilidad química,,,
2,7,F03-P02-I,S10,10.2.3,Posibilidad de reacciones peligrosas,,,
2,7,F03-P02-I,S10,10.2.4,Condiciones que deben evitarse,,,
2,7,F03-P02-I,S10,10.2.5,Materiales incompatibles,,,
2,7,F03-P02-I,S10,10.2.6,Productos de descomposición peligrosos,,,
2,7,F03-P02-I,S11,11.0,Título: Información toxicológica,,,
2,7,F03-P02-I,S11,11.1,Efectos toxicológicos,,,
2,7,F03-P02-I,S11,11.2,Información sobre las posibles vías de exposición,,,
2,7,F03-P02-I,S11,11.3,"Síntomas relacionados con las características físicas, químicas y toxicológicas",,,
2,7,F03-P02-I,S11,11.4,Efectos inmediatos y retardados así como efectos crónicos producidos por una exposición a corto y largo plazo,,,
2,7,F03-P02-I,S11,11.5,Medidas numéricas de toxicidad (tales como estimaciones de toxicidad aguda),,,
2,7,F03-P02-I,S12,12.0,Título: Información ecotoxicológica,,,
2,7,F03-P02-I,S12,12.1,Toxicidad,,,
2,7,F03-P02-I,S12,12.2,Persistencia y degradabilidad,,,
2,7,F03-P02-I,S12,12.3,Potencial de bioacumulación,,,
2,7,F03-P02-I,S12,12.4,Movilidad en el suelo,,,
2,7,F03-P02-I,S12,12.5,Otros efectos adversos,,,
2,7,F03-P02-I,S13,13.0,Título: Información relativa a la eliminación de los productos,,,
2,7,F03-P02-I,S13,13.1,Métodos de eliminación,,,
2,7,F03-P02-I,S14,14.0,Título: Información relativa al transporte,,,
2,7,F03-P02-I,S14,14.1,Número ONU,,,
2,7,F03-P02-I,S14,14.2,Designación oficial de transporte de las Naciones Unidas,,,
2,7,F03-P02-I,S14,14.3,Clase(s) relativas al transporte,,,
2,7,F03-P02-I,S14,14.4,Grupo de embalaje/envasado si se aplica,,,
2,7,F03-P02-I,S14,14.5,Riesgos ambientales,,,
2,7,F03-P02-I,S14,14.6,Precauciones especiales para el usuario,,,
2,7,F03-P02-I,S15,15.0,Título: Información sobre la reglamentación,,,
2,7,F03-P02-I,S15,15.1,"Disposiciones específicas sobre seguridad, salud y medio ambiente para el producto de que se trate",,,
2,7,F03-P02-I,S16,16.0,Título: Otras informaciones,,,
2,7,F03-P02-I,S16,16.1,Otras informaciones,,,
2,8,F07-P01-D,S1,1.0,Título: Identificación del producto,,,
2,8,F07-P01-D,S1,1.1,Identificador SGA del producto,,,
2,8,F07-P01-D,S1,1.2,Otros medios de identificación,,,
2,8,F07-P01-D,S1,1.3,Uso recomendado del producto químico y restricciones de uso,,,
2,8,F07-P01-D,S1,1.4,Datos del proveedor,,,
2,8,F07-P01-D,S1,1.5,Número de teléfono para emergencias,,,
2,8,F07-P01-D,S2,2.0,Título: Identificación del peligro o peligros,,,
2,8,F07-P01-D,S2,2.1,Clasificación  SGA  de  la  sustancia/mezcla  y  cualquier  información nacional o regional,,,
2,8,F07-P01-D,S2,2.1.1,Elementos de la etiqueta SGA: Pictogramas,,,
2,8,F07-P01-D,S2,2.1.2,Elementos de la etiqueta SGA: Palabra de Advertencia,,,
2,8,F07-P01-D,S2,2.1.3,Elementos de la etiqueta SGA: Indicaciones de Peligro,,,
2,8,F07-P01-D,S2,2.1.4,Elementos de la etiqueta SGA Consejos de Prudencia,,,
2,8,F07-P01-D,S2,2.2,"Otros peligros que no figuren en la clasificación (por ejemplo, peligro de explosión de partículas de polvo) o que no están cubiertos por el SGA",,,
2,8,F07-P01-D,S3,3.0,Título: Composición/información sobre los componentes,,,
2,8,F07-P01-D,S3,3.2.1,Identidad química de la sustancia,,,
2,8,F07-P01-D,S3,3.2.1.1,Nombres comunes o sinónimos de la mezcla,,,
2,8,F07-P01-D,S3,3.2.1.2,Número CAS y otros identificadores únicos de la mezcla,,,
2,8,F07-P01-D,S3,3.2.1.3,Concentración o gamas de concentraciones de todos los componentes de la mezcla,,,
2,8,F07-P01-D,S4,4.0,Título: Primeros auxilios,,,
2,8,F07-P01-D,S4,4.1,"Descripción de las medidas necesarias, desglosadas con arreglo a las diferentes vías de exposición, esto es, inhalación, contacto cutáneo y ocular e ingestión",,,
2,8,F07-P01-D,S4,4.2,"Síntomas/efectos más importantes, agudos y retardados",,,
2,8,F07-P01-D,S4,4.3,Indicación de la necesidad de recibir atención médica inmediata y tratamiento especial requerido en caso necesario,,,
2,8,F07-P01-D,S5,5.0,Título: Medidas de lucha contra incendios,,,
2,8,F07-P01-D,S5,5.1,Medios adecuados (o no adecuados) de extinción,,,
2,8,F07-P01-D,S5,5.2,Peligros específicos del producto químico,,,
2,8,F07-P01-D,S5,5.3,Medidas especiales que deben tomar los equipos de lucha contra incendios,,,
2,8,F07-P01-D,S6,6.0,Título: Medidas que deben tomarse en caso de vertido accidental,,,
2,8,F07-P01-D,S6,6.1,"Precauciones individuales, equipos de protección y procedimientos de emergencia",,,
2,8,F07-P01-D,S6,6.2,Precauciones relativas al medio ambiente,,,
2,8,F07-P01-D,S6,6.3,Métodos y materiales para la contención y limpieza de vertidos,,,
2,8,F07-P01-D,S7,7.0,Título: Manipulación y almacenamiento,,,
2,8,F07-P01-D,S7,7.1,Precauciones que se deben tomar para garantizar una manipulación segura,,,
2,8,F07-P01-D,S7,7.2,"Condiciones   de   almacenamiento   seguro,   incluidas   cualesquiera incompatibilidades",,,
2,8,F07-P01-D,S8,8.0,Controles de exposición/protección personal,,,
2,8,F07-P01-D,S8,8.1,Parámetros  de  control:  límites  o  valores  de  corte  de  exposición ocupacionales o biológicos,,,
2,8,F07-P01-D,S8,8.2,Controles técnicos apropiados,,,
2,8,F07-P01-D,S8,8.3,"Medidas  de  protección  individual,  como  equipos  de  protección personal",,,
2,8,F07-P01-D,S9,9.0,Título: Propiedades físicas y químicas,,,
2,8,F07-P01-D,S9,9.1,Propiedades fisicas y químicas,,,
2,8,F07-P01-D,S10,10.0,Título: Estabilidad y reactividad,,,
2,8,F07-P01-D,S10,10.2.1,Reactividad,,,
2,8,F07-P01-D,S10,10.2.2,Estabilidad química,,,
2,8,F07-P01-D,S10,10.2.3,Posibilidad de reacciones peligrosas,,,
2,8,F07-P01-D,S10,10.2.4,Condiciones que deben evitarse,,,
2,8,F07-P01-D,S10,10.2.5,Materiales incompatibles,,,
2,8,F07-P01-D,S10,10.2.6,Productos de descomposición peligrosos,,,
2,8,F07-P01-D,S11,11.0,Título: Información toxicológica,,,
2,8,F07-P01-D,S11,11.1,Efectos toxicológicos,,,
2,8,F07-P01-D,S11,11.2,Información sobre las posibles vías de exposición,,,
2,8,F07-P01-D,S11,11.3,"Síntomas relacionados con las características físicas, químicas y toxicológicas",,,
2,8,F07-P01-D,S11,11.4,Efectos inmediatos y retardados así como efectos crónicos producidos por una exposición a corto y largo plazo,,,
2,8,F07-P01-D,S11,11.5,Medidas numéricas de toxicidad (tales como estimaciones de toxicidad aguda),,,
2,8,F07-P01-D,S12,12.0,Título: Información ecotoxicológica,,,
2,8,F07-P01-D,S12,12.1,Toxicidad,,,
2,8,F07-P01-D,S12,12.2,Persistencia y degradabilidad,,,
2,8,F07-P01-D,S12,12.3,Potencial de bioacumulación,,,
2,8,F07-P01-D,S12,12.4,Movilidad en el suelo,,,
2,8,F07-P01-D,S12,12.5,Otros efectos adversos,,,
2,8,F07-P01-D,S13,13.0,Título: Información relativa a la eliminación de los productos,,,
2,8,F07-P01-D,S13,13.1,Métodos de eliminación,,,
2,8,F07-P01-D,S14,14.0,Título: Información relativa al transporte,,,
2,8,F07-P01-D,S14,14.1,Número ONU,,,
2,8,F07-P01-D,S14,14.2,Designación oficial de transporte de las Naciones Unidas,,,
2,8,F07-P01-D,S14,14.3,Clase(s) relativas al transporte,,,
2,8,F07-P01-D,S14,14.4,Grupo de embalaje/envasado si se aplica,,,
2,8,F07-P01-D,S14,14.5,Riesgos ambientales,,,
2,8,F07-P01-D,S14,14.6,Precauciones especiales para el usuario,,,
2,8,F07-P01-D,S15,15.0,Título: Información sobre la reglamentación,,,
2,8,F07-P01-D,S15,15.1,"Disposiciones específicas sobre seguridad, salud y medio ambiente para el producto de que se trate",,,
2,8,F07-P01-D,S16,16.0,Título: Otras informaciones,,,
2,8,F07-P01-D,S16,16.1,Otras informaciones,,,
2,9,F01-P01-I,S1,1.0,Título: Identificación del producto,,,
2,9,F01-P01-I,S1,1.1,Identificador SGA del producto,,,
2,9,F01-P01-I,S1,1.2,Otros medios de identificación,,,
2,9,F01-P01-I,S1,1.3,Uso recomendado del producto químico y restricciones de uso,,,
2,9,F01-P01-I,S1,1.4,Datos del proveedor,,,
2,9,F01-P01-I,S1,1.5,Número de teléfono para emergencias,,,
2,9,F01-P01-I,S2,2.0,Título: Identificación del peligro o peligros,,,
2,9,F01-P01-I,S2,2.1,Clasificación  SGA  de  la  sustancia/mezcla  y  cualquier  información nacional o regional,,,
2,9,F01-P01-I,S2,2.1.1,Elementos de la etiqueta SGA: Pictogramas,,,
2,9,F01-P01-I,S2,2.1.2,Elementos de la etiqueta SGA: Palabra de Advertencia,,,
2,9,F01-P01-I,S2,2.1.3,Elementos de la etiqueta SGA: Indicaciones de Peligro,,,
2,9,F01-P01-I,S2,2.1.4,Elementos de la etiqueta SGA Consejos de Prudencia,,,
2,9,F01-P01-I,S2,2.2,"Otros peligros que no figuren en la clasificación (por ejemplo, peligro de explosión de partículas de polvo) o que no están cubiertos por el SGA",,,
2,9,F01-P01-I,S3,3.0,Título: Composición/información sobre los componentes,,,
2,9,F01-P01-I,S3,3.2.1,Identidad química de la sustancia,,,
2,9,F01-P01-I,S3,3.2.1.1,Nombres comunes o sinónimos de la mezcla,,,
2,9,F01-P01-I,S3,3.2.1.2,Número CAS y otros identificadores únicos de la mezcla,,,
2,9,F01-P01-I,S3,3.2.1.3,Concentración o gamas de concentraciones de todos los componentes de la mezcla,,,
2,9,F01-P01-I,S4,4.0,Título: Primeros auxilios,,,
2,9,F01-P01-I,S4,4.1,"Descripción de las medidas necesarias, desglosadas con arreglo a las diferentes vías de exposición, esto es, inhalación, contacto cutáneo y ocular e ingestión",,,
2,9,F01-P01-I,S4,4.2,"Síntomas/efectos más importantes, agudos y retardados",,,
2,9,F01-P01-I,S4,4.3,Indicación de la necesidad de recibir atención médica inmediata y tratamiento especial requerido en caso necesario,,,
2,9,F01-P01-I,S5,5.0,Título: Medidas de lucha contra incendios,,,
2,9,F01-P01-I,S5,5.1,Medios adecuados (o no adecuados) de extinción,,,
2,9,F01-P01-I,S5,5.2,Peligros específicos del producto químico,,,
2,9,F01-P01-I,S5,5.3,Medidas especiales que deben tomar los equipos de lucha contra incendios,,,
2,9,F01-P01-I,S6,6.0,Título: Medidas que deben tomarse en caso de vertido accidental,,,
2,9,F01-P01-I,S6,6.1,"Precauciones individuales, equipos de protección y procedimientos de emergencia",,,
2,9,F01-P01-I,S6,6.2,Precauciones relativas al medio ambiente,,,
2,9,F01-P01-I,S6,6.3,Métodos y materiales para la contención y limpieza de vertidos,,,
2,9,F01-P01-I,S7,7.0,Título: Manipulación y almacenamiento,,,
2,9,F01-P01-I,S7,7.1,Precauciones que se deben tomar para garantizar una manipulación segura,,,
2,9,F01-P01-I,S7,7.2,"Condiciones   de   almacenamiento   seguro,   incluidas   cualesquiera incompatibilidades",,,
2,9,F01-P01-I,S8,8.0,Controles de exposición/protección personal,,,
2,9,F01-P01-I,S8,8.1,Parámetros  de  control:  límites  o  valores  de  corte  de  exposición ocupacionales o biológicos,,,
2,9,F01-P01-I,S8,8.2,Controles técnicos apropiados,,,
2,9,F01-P01-I,S8,8.3,"Medidas  de  protección  individual,  como  equipos  de  protección personal",,,
2,9,F01-P01-I,S9,9.0,Título: Propiedades físicas y químicas,,,
2,9,F01-P01-I,S9,9.1,Propiedades fisicas y químicas,,,
2,9,F01-P01-I,S10,10.0,Título: Estabilidad y reactividad,,,
2,9,F01-P01-I,S10,10.2.1,Reactividad,,,
2,9,F01-P01-I,S10,10.2.2,Estabilidad química,,,
2,9,F01-P01-I,S10,10.2.3,Posibilidad de reacciones peligrosas,,,
2,9,F01-P01-I,S10,10.2.4,Condiciones que deben evitarse,,,
2,9,F01-P01-I,S10,10.2.5,Materiales incompatibles,,,
2,9,F01-P01-I,S10,10.2.6,Productos de descomposición peligrosos,,,
2,9,F01-P01-I,S11,11.0,Título: Información toxicológica,,,
2,9,F01-P01-I,S11,11.1,Efectos toxicológicos,,,
2,9,F01-P01-I,S11,11.2,Información sobre las posibles vías de exposición,,,
2,9,F01-P01-I,S11,11.3,"Síntomas relacionados con las características físicas, químicas y toxicológicas",,,
2,9,F01-P01-I,S11,11.4,Efectos inmediatos y retardados así como efectos crónicos producidos por una exposición a corto y largo plazo,,,
2,9,F01-P01-I,S11,11.5,Medidas numéricas de toxicidad (tales como estimaciones de toxicidad aguda),,,
2,9,F01-P01-I,S12,12.0,Título: Información ecotoxicológica,,,
2,9,F01-P01-I,S12,12.1,Toxicidad,,,
2,9,F01-P01-I,S12,12.2,Persistencia y degradabilidad,,,
2,9,F01-P01-I,S12,12.3,Potencial de bioacumulación,,,
2,9,F01-P01-I,S12,12.4,Movilidad en el suelo,,,
2,9,F01-P01-I,S12,12.5,Otros efectos adversos,,,
2,9,F01-P01-I,S13,13.0,Título: Información relativa a la eliminación de los productos,,,
2,9,F01-P01-I,S13,13.1,Métodos de eliminación,,,
2,9,F01-P01-I,S14,14.0,Título: Información relativa al transporte,,,
2,9,F01-P01-I,S14,14.1,Número ONU,,,
2,9,F01-P01-I,S14,14.2,Designación oficial de transporte de las Naciones Unidas,,,
2,9,F01-P01-I,S14,14.3,Clase(s) relativas al transporte,,,
2,9,F01-P01-I,S14,14.4,Grupo de embalaje/envasado si se aplica,,,
2,9,F01-P01-I,S14,14.5,Riesgos ambientales,,,
2,9,F01-P01-I,S14,14.6,Precauciones especiales para el usuario,,,
2,9,F01-P01-I,S15,15.0,Título: Información sobre la reglamentación,,,
2,9,F01-P01-I,S15,15.1,"Disposiciones específicas sobre seguridad, salud y medio ambiente para el producto de que se trate",,,
2,9,F01-P01-I,S16,16.0,Título: Otras informaciones,,,
2,9,F01-P01-I,S16,16.1,Otras informaciones,,,
2,10,F04-P02-I,S1,1.0,Título: Identificación del producto,,,
2,10,F04-P02-I,S1,1.1,Identificador SGA del producto,,,
2,10,F04-P02-I,S1,1.2,Otros medios de identificación,,,
2,10,F04-P02-I,S1,1.3,Uso recomendado del producto químico y restricciones de uso,,,
2,10,F04-P02-I,S1,1.4,Datos del proveedor,,,
2,10,F04-P02-I,S1,1.5,Número de teléfono para emergencias,,,
2,10,F04-P02-I,S2,2.0,Título: Identificación del peligro o peligros,,,
2,10,F04-P02-I,S2,2.1,Clasificación  SGA  de  la  sustancia/mezcla  y  cualquier  información nacional o regional,,,
2,10,F04-P02-I,S2,2.1.1,Elementos de la etiqueta SGA: Pictogramas,,,
2,10,F04-P02-I,S2,2.1.2,Elementos de la etiqueta SGA: Palabra de Advertencia,,,
2,10,F04-P02-I,S2,2.1.3,Elementos de la etiqueta SGA: Indicaciones de Peligro,,,
2,10,F04-P02-I,S2,2.1.4,Elementos de la etiqueta SGA Consejos de Prudencia,,,
2,10,F04-P02-I,S2,2.2,"Otros peligros que no figuren en la clasificación (por ejemplo, peligro de explosión de partículas de polvo) o que no están cubiertos por el SGA",,,
2,10,F04-P02-I,S3,3.0,Título: Composición/información sobre los componentes,,,
2,10,F04-P02-I,S3,3.2.1,Identidad química de la sustancia,,,
2,10,F04-P02-I,S3,3.2.1.1,Nombres comunes o sinónimos de la mezcla,,,
2,10,F04-P02-I,S3,3.2.1.2,Número CAS y otros identificadores únicos de la mezcla,,,
2,10,F04-P02-I,S3,3.2.1.3,Concentración o gamas de concentraciones de todos los componentes de la mezcla,,,
2,10,F04-P02-I,S4,4.0,Título: Primeros auxilios,,,
2,10,F04-P02-I,S4,4.1,"Descripción de las medidas necesarias, desglosadas con arreglo a las diferentes vías de exposición, esto es, inhalación, contacto cutáneo y ocular e ingestión",,,
2,10,F04-P02-I,S4,4.2,"Síntomas/efectos más importantes, agudos y retardados",,,
2,10,F04-P02-I,S4,4.3,Indicación de la necesidad de recibir atención médica inmediata y tratamiento especial requerido en caso necesario,,,
2,10,F04-P02-I,S5,5.0,Título: Medidas de lucha contra incendios,,,
2,10,F04-P02-I,S5,5.1,Medios adecuados (o no adecuados) de extinción,,,
2,10,F04-P02-I,S5,5.2,Peligros específicos del producto químico,,,
2,10,F04-P02-I,S5,5.3,Medidas especiales que deben tomar los equipos de lucha contra incendios,,,
2,10,F04-P02-I,S6,6.0,Título: Medidas que deben tomarse en caso de vertido accidental,,,
2,10,F04-P02-I,S6,6.1,"Precauciones individuales, equipos de protección y procedimientos de emergencia",,,
2,10,F04-P02-I,S6,6.2,Precauciones relativas al medio ambiente,,,
2,10,F04-P02-I,S6,6.3,Métodos y materiales para la contención y limpieza de vertidos,,,
2,10,F04-P02-I,S7,7.0,Título: Manipulación y almacenamiento,,,
2,10,F04-P02-I,S7,7.1,Precauciones que se deben tomar para garantizar una manipulación segura,,,
2,10,F04-P02-I,S7,7.2,"Condiciones   de   almacenamiento   seguro,   incluidas   cualesquiera incompatibilidades",,,
2,10,F04-P02-I,S8,8.0,Controles de exposición/protección personal,,,
2,10,F04-P02-I,S8,8.1,Parámetros  de  control:  límites  o  valores  de  corte  de  exposición ocupacionales o biológicos,,,
2,10,F04-P02-I,S8,8.2,Controles técnicos apropiados,,,
2,10,F04-P02-I,S8,8.3,"Medidas  de  protección  individual,  como  equipos  de  protección personal",,,
2,10,F04-P02-I,S9,9.0,Título: Propiedades físicas y químicas,,,
2,10,F04-P02-I,S9,9.1,Propiedades fisicas y químicas,,,
2,10,F04-P02-I,S10,10.0,Título: Estabilidad y reactividad,,,
2,10,F04-P02-I,S10,10.2.1,Reactividad,,,
2,10,F04-P02-I,S10,10.2.2,Estabilidad química,,,
2,10,F04-P02-I,S10,10.2.3,Posibilidad de reacciones peligrosas,,,
2,10,F04-P02-I,S10,10.2.4,Condiciones que deben evitarse,,,
2,10,F04-P02-I,S10,10.2.5,Materiales incompatibles,,,
2,10,F04-P02-I,S10,10.2.6,Productos de descomposición peligrosos,,,
2,10,F04-P02-I,S11,11.0,Título: Información toxicológica,,,
2,10,F04-P02-I,S11,11.1,Efectos toxicológicos,,,
2,10,F04-P02-I,S11,11.2,Información sobre las posibles vías de exposición,,,
2,10,F04-P02-I,S11,11.3,"Síntomas relacionados con las características físicas, químicas y toxicológicas",,,
2,10,F04-P02-I,S11,11.4,Efectos inmediatos y retardados así como efectos crónicos producidos por una exposición a corto y largo plazo,,,
2,10,F04-P02-I,S11,11.5,Medidas numéricas de toxicidad (tales como estimaciones de toxicidad aguda),,,
2,10,F04-P02-I,S12,12.0,Título: Información ecotoxicológica,,,
2,10,F04-P02-I,S12,12.1,Toxicidad,,,
2,10,F04-P02-I,S12,12.2,Persistencia y degradabilidad,,,
2,10,F04-P02-I,S12,12.3,Potencial de bioacumulación,,,
2,10,F04-P02-I,S12,12.4,Movilidad en el suelo,,,
2,10,F04-P02-I,S12,12.5,Otros efectos adversos,,,
2,10,F04-P02-I,S13,13.0,Título: Información relativa a la eliminación de los productos,,,
2,10,F04-P02-I,S13,13.1,Métodos de eliminación,,,
2,10,F04-P02-I,S14,14.0,Título: Información relativa al transporte,,,
2,10,F04-P02-I,S14,14.1,Número ONU,,,
2,10,F04-P02-I,S14,14.2,Designación oficial de transporte de las Naciones Unidas,,,
2,10,F04-P02-I,S14,14.3,Clase(s) relativas al transporte,,,
2,10,F04-P02-I,S14,14.4,Grupo de embalaje/envasado si se aplica,,,
2,10,F04-P02-I,S14,14.5,Riesgos ambientales,,,
2,10,F04-P02-I,S14,14.6,Precauciones especiales para el usuario,,,
2,10,F04-P02-I,S15,15.0,Título: Información sobre la reglamentación,,,
2,10,F04-P02-I,S15,15.1,"Disposiciones específicas sobre seguridad, salud y medio ambiente para el producto de que se trate",,,
2,10,F04-P02-I,S16,16.0,Título: Otras informaciones,,,
2,10,F04-P02-I,S16,16.1,Otras informaciones,,,
2,11,F08-P02-D,S1,1.0,Título: Identificación del producto,,,
2,11,F08-P02-D,S1,1.1,Identificador SGA del producto,,,
2,11,F08-P02-D,S1,1.2,Otros medios de identificación,,,
2,11,F08-P02-D,S1,1.3,Uso recomendado del producto químico y restricciones de uso,,,
2,11,F08-P02-D,S1,1.4,Datos del proveedor,,,
2,11,F08-P02-D,S1,1.5,Número de teléfono para emergencias,,,
2,11,F08-P02-D,S2,2.0,Título: Identificación del peligro o peligros,,,
2,11,F08-P02-D,S2,2.1,Clasificación  SGA  de  la  sustancia/mezcla  y  cualquier  información nacional o regional,,,
2,11,F08-P02-D,S2,2.1.1,Elementos de la etiqueta SGA: Pictogramas,,,
2,11,F08-P02-D,S2,2.1.2,Elementos de la etiqueta SGA: Palabra de Advertencia,,,
2,11,F08-P02-D,S2,2.1.3,Elementos de la etiqueta SGA: Indicaciones de Peligro,,,
2,11,F08-P02-D,S2,2.1.4,Elementos de la etiqueta SGA Consejos de Prudencia,,,
2,11,F08-P02-D,S2,2.2,"Otros peligros que no figuren en la clasificación (por ejemplo, peligro de explosión de partículas de polvo) o que no están cubiertos por el SGA",,,
2,11,F08-P02-D,S3,3.0,Título: Composición/información sobre los componentes,,,
2,11,F08-P02-D,S3,3.2.1,Identidad química de la sustancia,,,
2,11,F08-P02-D,S3,3.2.1.1,Nombres comunes o sinónimos de la mezcla,,,
2,11,F08-P02-D,S3,3.2.1.2,Número CAS y otros identificadores únicos de la mezcla,,,
2,11,F08-P02-D,S3,3.2.1.3,Concentración o gamas de concentraciones de todos los componentes de la mezcla,,,
2,11,F08-P02-D,S4,4.0,Título: Primeros auxilios,,,
2,11,F08-P02-D,S4,4.1,"Descripción de las medidas necesarias, desglosadas con arreglo a las diferentes vías de exposición, esto es, inhalación, contacto cutáneo y ocular e ingestión",,,
2,11,F08-P02-D,S4,4.2,"Síntomas/efectos más importantes, agudos y retardados",,,
2,11,F08-P02-D,S4,4.3,Indicación de la necesidad de recibir atención médica inmediata y tratamiento especial requerido en caso necesario,,,
2,11,F08-P02-D,S5,5.0,Título: Medidas de lucha contra incendios,,,
2,11,F08-P02-D,S5,5.1,Medios adecuados (o no adecuados) de extinción,,,
2,11,F08-P02-D,S5,5.2,Peligros específicos del producto químico,,,
2,11,F08-P02-D,S5,5.3,Medidas especiales que deben tomar los equipos de lucha contra incendios,,,
2,11,F08-P02-D,S6,6.0,Título: Medidas que deben tomarse en caso de vertido accidental,,,
2,11,F08-P02-D,S6,6.1,"Precauciones individuales, equipos de protección y procedimientos de emergencia",,,
2,11,F08-P02-D,S6,6.2,Precauciones relativas al medio ambiente,,,
2,11,F08-P02-D,S6,6.3,Métodos y materiales para la contención y limpieza de vertidos,,,
2,11,F08-P02-D,S7,7.0,Título: Manipulación y almacenamiento,,,
2,11,F08-P02-D,S7,7.1,Precauciones que se deben tomar para garantizar una manipulación segura,,,
2,11,F08-P02-D,S7,7.2,"Condiciones   de   almacenamiento   seguro,   incluidas   cualesquiera incompatibilidades",,,
2,11,F08-P02-D,S8,8.0,Controles de exposición/protección personal,,,
2,11,F08-P02-D,S8,8.1,Parámetros  de  control:  límites  o  valores  de  corte  de  exposición ocupacionales o biológicos,,,
2,11,F08-P02-D,S8,8.2,Controles técnicos apropiados,,,
2,11,F08-P02-D,S8,8.3,"Medidas  de  protección  individual,  como  equipos  de  protección personal",,,
2,11,F08-P02-D,S9,9.0,Título: Propiedades físicas y químicas,,,
2,11,F08-P02-D,S9,9.1,Propiedades fisicas y químicas,,,
2,11,F08-P02-D,S10,10.0,Título: Estabilidad y reactividad,,,
2,11,F08-P02-D,S10,10.2.1,Reactividad,,,
2,11,F08-P02-D,S10,10.2.2,Estabilidad química,,,
2,11,F08-P02-D,S10,10.2.3,Posibilidad de reacciones peligrosas,,,
2,11,F08-P02-D,S10,10.2.4,Condiciones que deben evitarse,,,
2,11,F08-P02-D,S10,10.2.5,Materiales incompatibles,,,
2,11,F08-P02-D,S10,10.2.6,Productos de descomposición peligrosos,,,
2,11,F08-P02-D,S11,11.0,Título: Información toxicológica,,,
2,11,F08-P02-D,S11,11.1,Efectos toxicológicos,,,
2,11,F08-P02-D,S11,11.2,Información sobre las posibles vías de exposición,,,
2,11,F08-P02-D,S11,11.3,"Síntomas relacionados con las características físicas, químicas y toxicológicas",,,
2,11,F08-P02-D,S11,11.4,Efectos inmediatos y retardados así como efectos crónicos producidos por una exposición a corto y largo plazo,,,
2,11,F08-P02-D,S11,11.5,Medidas numéricas de toxicidad (tales como estimaciones de toxicidad aguda),,,
2,11,F08-P02-D,S12,12.0,Título: Información ecotoxicológica,,,
2,11,F08-P02-D,S12,12.1,Toxicidad,,,
2,11,F08-P02-D,S12,12.2,Persistencia y degradabilidad,,,
2,11,F08-P02-D,S12,12.3,Potencial de bioacumulación,,,
2,11,F08-P02-D,S12,12.4,Movilidad en el suelo,,,
2,11,F08-P02-D,S12,12.5,Otros efectos adversos,,,
2,11,F08-P02-D,S13,13.0,Título: Información relativa a la eliminación de los productos,,,
2,11,F08-P02-D,S13,13.1,Métodos de eliminación,,,
2,11,F08-P02-D,S14,14.0,Título: Información relativa al transporte,,,
2,11,F08-P02-D,S14,14.1,Número ONU,,,
2,11,F08-P02-D,S14,14.2,Designación oficial de transporte de las Naciones Unidas,,,
2,11,F08-P02-D,S14,14.3,Clase(s) relativas al transporte,,,
2,11,F08-P02-D,S14,14.4,Grupo de embalaje/envasado si se aplica,,,
2,11,F08-P02-D,S14,14.5,Riesgos ambientales,,,
2,11,F08-P02-D,S14,14.6,Precauciones especiales para el usuario,,,
2,11,F08-P02-D,S15,15.0,Título: Información sobre la reglamentación,,,
2,11,F08-P02-D,S15,15.1,"Disposiciones específicas sobre seguridad, salud y medio ambiente para el producto de que se trate",,,
2,11,F08-P02-D,S16,16.0,Título: Otras informaciones,,,
2,11,F08-P02-D,S16,16.1,Otras informaciones,,,
2,12,F06-P05-D,S1,1.0,Título: Identificación del producto,,,
2,12,F06-P05-D,S1,1.1,Identificador SGA del producto,,,
2,12,F06-P05-D,S1,1.2,Otros medios de identificación,,,
2,12,F06-P05-D,S1,1.3,Uso recomendado del producto químico y restricciones de uso,,,
2,12,F06-P05-D,S1,1.4,Datos del proveedor,,,
2,12,F06-P05-D,S1,1.5,Número de teléfono para emergencias,,,
2,12,F06-P05-D,S2,2.0,Título: Identificación del peligro o peligros,,,
2,12,F06-P05-D,S2,2.1,Clasificación  SGA  de  la  sustancia/mezcla  y  cualquier  información nacional o regional,,,
2,12,F06-P05-D,S2,2.1.1,Elementos de la etiqueta SGA: Pictogramas,,,
2,12,F06-P05-D,S2,2.1.2,Elementos de la etiqueta SGA: Palabra de Advertencia,,,
2,12,F06-P05-D,S2,2.1.3,Elementos de la etiqueta SGA: Indicaciones de Peligro,,,
2,12,F06-P05-D,S2,2.1.4,Elementos de la etiqueta SGA Consejos de Prudencia,,,
2,12,F06-P05-D,S2,2.2,"Otros peligros que no figuren en la clasificación (por ejemplo, peligro de explosión de partículas de polvo) o que no están cubiertos por el SGA",,,
2,12,F06-P05-D,S3,3.0,Título: Composición/información sobre los componentes,,,
2,12,F06-P05-D,S3,3.2.1,Identidad química de la sustancia,,,
2,12,F06-P05-D,S3,3.2.1.1,Nombres comunes o sinónimos de la mezcla,,,
2,12,F06-P05-D,S3,3.2.1.2,Número CAS y otros identificadores únicos de la mezcla,,,
2,12,F06-P05-D,S3,3.2.1.3,Concentración o gamas de concentraciones de todos los componentes de la mezcla,,,
2,12,F06-P05-D,S4,4.0,Título: Primeros auxilios,,,
2,12,F06-P05-D,S4,4.1,"Descripción de las medidas necesarias, desglosadas con arreglo a las diferentes vías de exposición, esto es, inhalación, contacto cutáneo y ocular e ingestión",,,
2,12,F06-P05-D,S4,4.2,"Síntomas/efectos más importantes, agudos y retardados",,,
2,12,F06-P05-D,S4,4.3,Indicación de la necesidad de recibir atención médica inmediata y tratamiento especial requerido en caso necesario,,,
2,12,F06-P05-D,S5,5.0,Título: Medidas de lucha contra incendios,,,
2,12,F06-P05-D,S5,5.1,Medios adecuados (o no adecuados) de extinción,,,
2,12,F06-P05-D,S5,5.2,Peligros específicos del producto químico,,,
2,12,F06-P05-D,S5,5.3,Medidas especiales que deben tomar los equipos de lucha contra incendios,,,
2,12,F06-P05-D,S6,6.0,Título: Medidas que deben tomarse en caso de vertido accidental,,,
2,12,F06-P05-D,S6,6.1,"Precauciones individuales, equipos de protección y procedimientos de emergencia",,,
2,12,F06-P05-D,S6,6.2,Precauciones relativas al medio ambiente,,,
2,12,F06-P05-D,S6,6.3,Métodos y materiales para la contención y limpieza de vertidos,,,
2,12,F06-P05-D,S7,7.0,Título: Manipulación y almacenamiento,,,
2,12,F06-P05-D,S7,7.1,Precauciones que se deben tomar para garantizar una manipulación segura,,,
2,12,F06-P05-D,S7,7.2,"Condiciones   de   almacenamiento   seguro,   incluidas   cualesquiera incompatibilidades",,,
2,12,F06-P05-D,S8,8.0,Controles de exposición/protección personal,,,
2,12,F06-P05-D,S8,8.1,Parámetros  de  control:  límites  o  valores  de  corte  de  exposición ocupacionales o biológicos,,,
2,12,F06-P05-D,S8,8.2,Controles técnicos apropiados,,,
2,12,F06-P05-D,S8,8.3,"Medidas  de  protección  individual,  como  equipos  de  protección personal",,,
2,12,F06-P05-D,S9,9.0,Título: Propiedades físicas y químicas,,,
2,12,F06-P05-D,S9,9.1,Propiedades fisicas y químicas,,,
2,12,F06-P05-D,S10,10.0,Título: Estabilidad y reactividad,,,
2,12,F06-P05-D,S10,10.2.1,Reactividad,,,
2,12,F06-P05-D,S10,10.2.2,Estabilidad química,,,
2,12,F06-P05-D,S10,10.2.3,Posibilidad de reacciones peligrosas,,,
2,12,F06-P05-D,S10,10.2.4,Condiciones que deben evitarse,,,
2,12,F06-P05-D,S10,10.2.5,Materiales incompatibles,,,
2,12,F06-P05-D,S10,10.2.6,Productos de descomposición peligrosos,,,
2,12,F06-P05-D,S11,11.0,Título: Información toxicológica,,,
2,12,F06-P05-D,S11,11.1,Efectos toxicológicos,,,
2,12,F06-P05-D,S11,11.2,Información sobre las posibles vías de exposición,,,
2,12,F06-P05-D,S11,11.3,"Síntomas relacionados con las características físicas, químicas y toxicológicas",,,
2,12,F06-P05-D,S11,11.4,Efectos inmediatos y retardados así como efectos crónicos producidos por una exposición a corto y largo plazo,,,
2,12,F06-P05-D,S11,11.5,Medidas numéricas de toxicidad (tales como estimaciones de toxicidad aguda),,,
2,12,F06-P05-D,S12,12.0,Título: Información ecotoxicológica,,,
2,12,F06-P05-D,S12,12.1,Toxicidad,,,
2,12,F06-P05-D,S12,12.2,Persistencia y degradabilidad,,,
2,12,F06-P05-D,S12,12.3,Potencial de bioacumulación,,,
2,12,F06-P05-D,S12,12.4,Movilidad en el suelo,,,
2,12,F06-P05-D,S12,12.5,Otros efectos adversos,,,
2,12,F06-P05-D,S13,13.0,Título: Información relativa a la eliminación de los productos,,,
2,12,F06-P05-D,S13,13.1,Métodos de eliminación,,,
2,12,F06-P05-D,S14,14.0,Título: Información relativa al transporte,,,
2,12,F06-P05-D,S14,14.1,Número ONU,,,
2,12,F06-P05-D,S14,14.2,Designación oficial de transporte de las Naciones Unidas,,,
2,12,F06-P05-D,S14,14.3,Clase(s) relativas al transporte,,,
2,12,F06-P05-D,S14,14.4,Grupo de embalaje/envasado si se aplica,,,
2,12,F06-P05-D,S14,14.5,Riesgos ambientales,,,
2,12,F06-P05-D,S14,14.6,Precauciones especiales para el usuario,,,
2,12,F06-P05-D,S15,15.0,Título: Información sobre la reglamentación,,,
2,12,F06-P05-D,S15,15.1,"Disposiciones específicas sobre seguridad, salud y medio ambiente para el producto de que se trate",,,
2,12,F06-P05-D,S16,16.0,Título: Otras informaciones,,,
2,12,F06-P05-D,S16,16.1,Otras informaciones,,,
2,13,F03-P04-D,S1,1.0,Título: Identificación del producto,,,
2,13,F03-P04-D,S1,1.1,Identificador SGA del producto,,,
2,13,F03-P04-D,S1,1.2,Otros medios de identificación,,,
2,13,F03-P04-D,S1,1.3,Uso recomendado del producto químico y restricciones de uso,,,
2,13,F03-P04-D,S1,1.4,Datos del proveedor,,,
2,13,F03-P04-D,S1,1.5,Número de teléfono para emergencias,,,
2,13,F03-P04-D,S2,2.0,Título: Identificación del peligro o peligros,,,
2,13,F03-P04-D,S2,2.1,Clasificación  SGA  de  la  sustancia/mezcla  y  cualquier  información nacional o regional,,,
2,13,F03-P04-D,S2,2.1.1,Elementos de la etiqueta SGA: Pictogramas,,,
2,13,F03-P04-D,S2,2.1.2,Elementos de la etiqueta SGA: Palabra de Advertencia,,,
2,13,F03-P04-D,S2,2.1.3,Elementos de la etiqueta SGA: Indicaciones de Peligro,,,
2,13,F03-P04-D,S2,2.1.4,Elementos de la etiqueta SGA Consejos de Prudencia,,,
2,13,F03-P04-D,S2,2.2,"Otros peligros que no figuren en la clasificación (por ejemplo, peligro de explosión de partículas de polvo) o que no están cubiertos por el SGA",,,
2,13,F03-P04-D,S3,3.0,Título: Composición/información sobre los componentes,,,
2,13,F03-P04-D,S3,3.2.1,Identidad química de la sustancia,,,
2,13,F03-P04-D,S3,3.2.1.1,Nombres comunes o sinónimos de la mezcla,,,
2,13,F03-P04-D,S3,3.2.1.2,Número CAS y otros identificadores únicos de la mezcla,,,
2,13,F03-P04-D,S3,3.2.1.3,Concentración o gamas de concentraciones de todos los componentes de la mezcla,,,
2,13,F03-P04-D,S4,4.0,Título: Primeros auxilios,,,
2,13,F03-P04-D,S4,4.1,"Descripción de las medidas necesarias, desglosadas con arreglo a las diferentes vías de exposición, esto es, inhalación, contacto cutáneo y ocular e ingestión",,,
2,13,F03-P04-D,S4,4.2,"Síntomas/efectos más importantes, agudos y retardados",,,
2,13,F03-P04-D,S4,4.3,Indicación de la necesidad de recibir atención médica inmediata y tratamiento especial requerido en caso necesario,,,
2,13,F03-P04-D,S5,5.0,Título: Medidas de lucha contra incendios,,,
2,13,F03-P04-D,S5,5.1,Medios adecuados (o no adecuados) de extinción,,,
2,13,F03-P04-D,S5,5.2,Peligros específicos del producto químico,,,
2,13,F03-P04-D,S5,5.3,Medidas especiales que deben tomar los equipos de lucha contra incendios,,,
2,13,F03-P04-D,S6,6.0,Título: Medidas que deben tomarse en caso de vertido accidental,,,
2,13,F03-P04-D,S6,6.1,"Precauciones individuales, equipos de protección y procedimientos de emergencia",,,
2,13,F03-P04-D,S6,6.2,Precauciones relativas al medio ambiente,,,
2,13,F03-P04-D,S6,6.3,Métodos y materiales para la contención y limpieza de vertidos,,,
2,13,F03-P04-D,S7,7.0,Título: Manipulación y almacenamiento,,,
2,13,F03-P04-D,S7,7.1,Precauciones que se deben tomar para garantizar una manipulación segura,,,
2,13,F03-P04-D,S7,7.2,"Condiciones   de   almacenamiento   seguro,   incluidas   cualesquiera incompatibilidades",,,
2,13,F03-P04-D,S8,8.0,Controles de exposición/protección personal,,,
2,13,F03-P04-D,S8,8.1,Parámetros  de  control:  límites  o  valores  de  corte  de  exposición ocupacionales o biológicos,,,
2,13,F03-P04-D,S8,8.2,Controles técnicos apropiados,,,
2,13,F03-P04-D,S8,8.3,"Medidas  de  protección  individual,  como  equipos  de  protección personal",,,
2,13,F03-P04-D,S9,9.0,Título: Propiedades físicas y químicas,,,
2,13,F03-P04-D,S9,9.1,Propiedades fisicas y químicas,,,
2,13,F03-P04-D,S10,10.0,Título: Estabilidad y reactividad,,,
2,13,F03-P04-D,S10,10.2.1,Reactividad,,,
2,13,F03-P04-D,S10,10.2.2,Estabilidad química,,,
2,13,F03-P04-D,S10,10.2.3,Posibilidad de reacciones peligrosas,,,
2,13,F03-P04-D,S10,10.2.4,Condiciones que deben evitarse,,,
2,13,F03-P04-D,S10,10.2.5,Materiales incompatibles,,,
2,13,F03-P04-D,S10,10.2.6,Productos de descomposición peligrosos,,,
2,13,F03-P04-D,S11,11.0,Título: Información toxicológica,,,
2,13,F03-P04-D,S11,11.1,Efectos toxicológicos,,,
2,13,F03-P04-D,S11,11.2,Información sobre las posibles vías de exposición,,,
2,13,F03-P04-D,S11,11.3,"Síntomas relacionados con las características físicas, químicas y toxicológicas",,,
2,13,F03-P04-D,S11,11.4,Efectos inmediatos y retardados así como efectos crónicos producidos por una exposición a corto y largo plazo,,,
2,13,F03-P04-D,S11,11.5,Medidas numéricas de toxicidad (tales como estimaciones de toxicidad aguda),,,
2,13,F03-P04-D,S12,12.0,Título: Información ecotoxicológica,,,
2,13,F03-P04-D,S12,12.1,Toxicidad,,,
2,13,F03-P04-D,S12,12.2,Persistencia y degradabilidad,,,
2,13,F03-P04-D,S12,12.3,Potencial de bioacumulación,,,
2,13,F03-P04-D,S12,12.4,Movilidad en el suelo,,,
2,13,F03-P04-D,S12,12.5,Otros efectos adversos,,,
2,13,F03-P04-D,S13,13.0,Título: Información relativa a la eliminación de los productos,,,
2,13,F03-P04-D,S13,13.1,Métodos de eliminación,,,
2,13,F03-P04-D,S14,14.0,Título: Información relativa al transporte,,,
2,13,F03-P04-D,S14,14.1,Número ONU,,,
2,13,F03-P04-D,S14,14.2,Designación oficial de transporte de las Naciones Unidas,,,
2,13,F03-P04-D,S14,14.3,Clase(s) relativas al transporte,,,
2,13,F03-P04-D,S14,14.4,Grupo de embalaje/envasado si se aplica,,,
2,13,F03-P04-D,S14,14.5,Riesgos ambientales,,,
2,13,F03-P04-D,S14,14.6,Precauciones especiales para el usuario,,,
2,13,F03-P04-D,S15,15.0,Título: Información sobre la reglamentación,,,
2,13,F03-P04-D,S15,15.1,"Disposiciones específicas sobre seguridad, salud y medio ambiente para el producto de que se trate",,,
2,13,F03-P04-D,S16,16.0,Título: Otras informaciones,,,
2,13,F03-P04-D,S16,16.1,Otras informaciones,,,
2,14,F02-P04-D,S1,1.0,Título: Identificación del producto,,,
2,14,F02-P04-D,S1,1.1,Identificador SGA del producto,,,
2,14,F02-P04-D,S1,1.2,Otros medios de identificación,,,
2,14,F02-P04-D,S1,1.3,Uso recomendado del producto químico y restricciones de uso,,,
2,14,F02-P04-D,S1,1.4,Datos del proveedor,,,
2,14,F02-P04-D,S1,1.5,Número de teléfono para emergencias,,,
2,14,F02-P04-D,S2,2.0,Título: Identificación del peligro o peligros,,,
2,14,F02-P04-D,S2,2.1,Clasificación  SGA  de  la  sustancia/mezcla  y  cualquier  información nacional o regional,,,
2,14,F02-P04-D,S2,2.1.1,Elementos de la etiqueta SGA: Pictogramas,,,
2,14,F02-P04-D,S2,2.1.2,Elementos de la etiqueta SGA: Palabra de Advertencia,,,
2,14,F02-P04-D,S2,2.1.3,Elementos de la etiqueta SGA: Indicaciones de Peligro,,,
2,14,F02-P04-D,S2,2.1.4,Elementos de la etiqueta SGA Consejos de Prudencia,,,
2,14,F02-P04-D,S2,2.2,"Otros peligros que no figuren en la clasificación (por ejemplo, peligro de explosión de partículas de polvo) o que no están cubiertos por el SGA",,,
2,14,F02-P04-D,S3,3.0,Título: Composición/información sobre los componentes,,,
2,14,F02-P04-D,S3,3.2.1,Identidad química de la sustancia,,,
2,14,F02-P04-D,S3,3.2.1.1,Nombres comunes o sinónimos de la mezcla,,,
2,14,F02-P04-D,S3,3.2.1.2,Número CAS y otros identificadores únicos de la mezcla,,,
2,14,F02-P04-D,S3,3.2.1.3,Concentración o gamas de concentraciones de todos los componentes de la mezcla,,,
2,14,F02-P04-D,S4,4.0,Título: Primeros auxilios,,,
2,14,F02-P04-D,S4,4.1,"Descripción de las medidas necesarias, desglosadas con arreglo a las diferentes vías de exposición, esto es, inhalación, contacto cutáneo y ocular e ingestión",,,
2,14,F02-P04-D,S4,4.2,"Síntomas/efectos más importantes, agudos y retardados",,,
2,14,F02-P04-D,S4,4.3,Indicación de la necesidad de recibir atención médica inmediata y tratamiento especial requerido en caso necesario,,,
2,14,F02-P04-D,S5,5.0,Título: Medidas de lucha contra incendios,,,
2,14,F02-P04-D,S5,5.1,Medios adecuados (o no adecuados) de extinción,,,
2,14,F02-P04-D,S5,5.2,Peligros específicos del producto químico,,,
2,14,F02-P04-D,S5,5.3,Medidas especiales que deben tomar los equipos de lucha contra incendios,,,
2,14,F02-P04-D,S6,6.0,Título: Medidas que deben tomarse en caso de vertido accidental,,,
2,14,F02-P04-D,S6,6.1,"Precauciones individuales, equipos de protección y procedimientos de emergencia",,,
2,14,F02-P04-D,S6,6.2,Precauciones relativas al medio ambiente,,,
2,14,F02-P04-D,S6,6.3,Métodos y materiales para la contención y limpieza de vertidos,,,
2,14,F02-P04-D,S7,7.0,Título: Manipulación y almacenamiento,,,
2,14,F02-P04-D,S7,7.1,Precauciones que se deben tomar para garantizar una manipulación segura,,,
2,14,F02-P04-D,S7,7.2,"Condiciones   de   almacenamiento   seguro,   incluidas   cualesquiera incompatibilidades",,,
2,14,F02-P04-D,S8,8.0,Controles de exposición/protección personal,,,
2,14,F02-P04-D,S8,8.1,Parámetros  de  control:  límites  o  valores  de  corte  de  exposición ocupacionales o biológicos,,,
2,14,F02-P04-D,S8,8.2,Controles técnicos apropiados,,,
2,14,F02-P04-D,S8,8.3,"Medidas  de  protección  individual,  como  equipos  de  protección personal",,,
2,14,F02-P04-D,S9,9.0,Título: Propiedades físicas y químicas,,,
2,14,F02-P04-D,S9,9.1,Propiedades fisicas y químicas,,,
2,14,F02-P04-D,S10,10.0,Título: Estabilidad y reactividad,,,
2,14,F02-P04-D,S10,10.2.1,Reactividad,,,
2,14,F02-P04-D,S10,10.2.2,Estabilidad química,,,
2,14,F02-P04-D,S10,10.2.3,Posibilidad de reacciones peligrosas,,,
2,14,F02-P04-D,S10,10.2.4,Condiciones que deben evitarse,,,
2,14,F02-P04-D,S10,10.2.5,Materiales incompatibles,,,
2,14,F02-P04-D,S10,10.2.6,Productos de descomposición peligrosos,,,
2,14,F02-P04-D,S11,11.0,Título: Información toxicológica,,,
2,14,F02-P04-D,S11,11.1,Efectos toxicológicos,,,
2,14,F02-P04-D,S11,11.2,Información sobre las posibles vías de exposición,,,
2,14,F02-P04-D,S11,11.3,"Síntomas relacionados con las características físicas, químicas y toxicológicas",,,
2,14,F02-P04-D,S11,11.4,Efectos inmediatos y retardados así como efectos crónicos producidos por una exposición a corto y largo plazo,,,
2,14,F02-P04-D,S11,11.5,Medidas numéricas de toxicidad (tales como estimaciones de toxicidad aguda),,,
2,14,F02-P04-D,S12,12.0,Título: Información ecotoxicológica,,,
2,14,F02-P04-D,S12,12.1,Toxicidad,,,
2,14,F02-P04-D,S12,12.2,Persistencia y degradabilidad,,,
2,14,F02-P04-D,S12,12.3,Potencial de bioacumulación,,,
2,14,F02-P04-D,S12,12.4,Movilidad en el suelo,,,
2,14,F02-P04-D,S12,12.5,Otros efectos adversos,,,
2,14,F02-P04-D,S13,13.0,Título: Información relativa a la eliminación de los productos,,,
2,14,F02-P04-D,S13,13.1,Métodos de eliminación,,,
2,14,F02-P04-D,S14,14.0,Título: Información relativa al transporte,,,
2,14,F02-P04-D,S14,14.1,Número ONU,,,
2,14,F02-P04-D,S14,14.2,Designación oficial de transporte de las Naciones Unidas,,,
2,14,F02-P04-D,S14,14.3,Clase(s) relativas al transporte,,,
2,14,F02-P04-D,S14,14.4,Grupo de embalaje/envasado si se aplica,,,
2,14,F02-P04-D,S14,14.5,Riesgos ambientales,,,
2,14,F02-P04-D,S14,14.6,Precauciones especiales para el usuario,,,
2,14,F02-P04-D,S15,15.0,Título: Información sobre la reglamentación,,,
2,14,F02-P04-D,S15,15.1,"Disposiciones específicas sobre seguridad, salud y medio ambiente para el producto de que se trate",,,
2,14,F02-P04-D,S16,16.0,Título: Otras informaciones,,,
2,14,F02-P04-D,S16,16.1,Otras informaciones,,,
2,15,F04-P01-I,S1,1.0,Título: Identificación del producto,,,
2,15,F04-P01-I,S1,1.1,Identificador SGA del producto,,,
2,15,F04-P01-I,S1,1.2,Otros medios de identificación,,,
2,15,F04-P01-I,S1,1.3,Uso recomendado del producto químico y restricciones de uso,,,
2,15,F04-P01-I,S1,1.4,Datos del proveedor,,,
2,15,F04-P01-I,S1,1.5,Número de teléfono para emergencias,,,
2,15,F04-P01-I,S2,2.0,Título: Identificación del peligro o peligros,,,
2,15,F04-P01-I,S2,2.1,Clasificación  SGA  de  la  sustancia/mezcla  y  cualquier  información nacional o regional,,,
2,15,F04-P01-I,S2,2.1.1,Elementos de la etiqueta SGA: Pictogramas,,,
2,15,F04-P01-I,S2,2.1.2,Elementos de la etiqueta SGA: Palabra de Advertencia,,,
2,15,F04-P01-I,S2,2.1.3,Elementos de la etiqueta SGA: Indicaciones de Peligro,,,
2,15,F04-P01-I,S2,2.1.4,Elementos de la etiqueta SGA Consejos de Prudencia,,,
2,15,F04-P01-I,S2,2.2,"Otros peligros que no figuren en la clasificación (por ejemplo, peligro de explosión de partículas de polvo) o que no están cubiertos por el SGA",,,
2,15,F04-P01-I,S3,3.0,Título: Composición/información sobre los componentes,,,
2,15,F04-P01-I,S3,3.2.1,Identidad química de la sustancia,,,
2,15,F04-P01-I,S3,3.2.1.1,Nombres comunes o sinónimos de la mezcla,,,
2,15,F04-P01-I,S3,3.2.1.2,Número CAS y otros identificadores únicos de la mezcla,,,
2,15,F04-P01-I,S3,3.2.1.3,Concentración o gamas de concentraciones de todos los componentes de la mezcla,,,
2,15,F04-P01-I,S4,4.0,Título: Primeros auxilios,,,
2,15,F04-P01-I,S4,4.1,"Descripción de las medidas necesarias, desglosadas con arreglo a las diferentes vías de exposición, esto es, inhalación, contacto cutáneo y ocular e ingestión",,,
2,15,F04-P01-I,S4,4.2,"Síntomas/efectos más importantes, agudos y retardados",,,
2,15,F04-P01-I,S4,4.3,Indicación de la necesidad de recibir atención médica inmediata y tratamiento especial requerido en caso necesario,,,
2,15,F04-P01-I,S5,5.0,Título: Medidas de lucha contra incendios,,,
2,15,F04-P01-I,S5,5.1,Medios adecuados (o no adecuados) de extinción,,,
2,15,F04-P01-I,S5,5.2,Peligros específicos del producto químico,,,
2,15,F04-P01-I,S5,5.3,Medidas especiales que deben tomar los equipos de lucha contra incendios,,,
2,15,F04-P01-I,S6,6.0,Título: Medidas que deben tomarse en caso de vertido accidental,,,
2,15,F04-P01-I,S6,6.1,"Precauciones individuales, equipos de protección y procedimientos de emergencia",,,
2,15,F04-P01-I,S6,6.2,Precauciones relativas al medio ambiente,,,
2,15,F04-P01-I,S6,6.3,Métodos y materiales para la contención y limpieza de vertidos,,,
2,15,F04-P01-I,S7,7.0,Título: Manipulación y almacenamiento,,,
2,15,F04-P01-I,S7,7.1,Precauciones que se deben tomar para garantizar una manipulación segura,,,
2,15,F04-P01-I,S7,7.2,"Condiciones   de   almacenamiento   seguro,   incluidas   cualesquiera incompatibilidades",,,
2,15,F04-P01-I,S8,8.0,Controles de exposición/protección personal,,,
2,15,F04-P01-I,S8,8.1,Parámetros  de  control:  límites  o  valores  de  corte  de  exposición ocupacionales o biológicos,,,
2,15,F04-P01-I,S8,8.2,Controles técnicos apropiados,,,
2,15,F04-P01-I,S8,8.3,"Medidas  de  protección  individual,  como  equipos  de  protección personal",,,
2,15,F04-P01-I,S9,9.0,Título: Propiedades físicas y químicas,,,
2,15,F04-P01-I,S9,9.1,Propiedades fisicas y químicas,,,
2,15,F04-P01-I,S10,10.0,Título: Estabilidad y reactividad,,,
2,15,F04-P01-I,S10,10.2.1,Reactividad,,,
2,15,F04-P01-I,S10,10.2.2,Estabilidad química,,,
2,15,F04-P01-I,S10,10.2.3,Posibilidad de reacciones peligrosas,,,
2,15,F04-P01-I,S10,10.2.4,Condiciones que deben evitarse,,,
2,15,F04-P01-I,S10,10.2.5,Materiales incompatibles,,,
2,15,F04-P01-I,S10,10.2.6,Productos de descomposición peligrosos,,,
2,15,F04-P01-I,S11,11.0,Título: Información toxicológica,,,
2,15,F04-P01-I,S11,11.1,Efectos toxicológicos,,,
2,15,F04-P01-I,S11,11.2,Información sobre las posibles vías de exposición,,,
2,15,F04-P01-I,S11,11.3,"Síntomas relacionados con las características físicas, químicas y toxicológicas",,,
2,15,F04-P01-I,S11,11.4,Efectos inmediatos y retardados así como efectos crónicos producidos por una exposición a corto y largo plazo,,,
2,15,F04-P01-I,S11,11.5,Medidas numéricas de toxicidad (tales como estimaciones de toxicidad aguda),,,
2,15,F04-P01-I,S12,12.0,Título: Información ecotoxicológica,,,
2,15,F04-P01-I,S12,12.1,Toxicidad,,,
2,15,F04-P01-I,S12,12.2,Persistencia y degradabilidad,,,
2,15,F04-P01-I,S12,12.3,Potencial de bioacumulación,,,
2,15,F04-P01-I,S12,12.4,Movilidad en el suelo,,,
2,15,F04-P01-I,S12,12.5,Otros efectos adversos,,,
2,15,F04-P01-I,S13,13.0,Título: Información relativa a la eliminación de los productos,,,
2,15,F04-P01-I,S13,13.1,Métodos de eliminación,,,
2,15,F04-P01-I,S14,14.0,Título: Información relativa al transporte,,,
2,15,F04-P01-I,S14,14.1,Número ONU,,,
2,15,F04-P01-I,S14,14.2,Designación oficial de transporte de las Naciones Unidas,,,
2,15,F04-P01-I,S14,14.3,Clase(s) relativas al transporte,,,
2,15,F04-P01-I,S14,14.4,Grupo de embalaje/envasado si se aplica,,,
2,15,F04-P01-I,S14,14.5,Riesgos ambientales,,,
2,15,F04-P01-I,S14,14.6,Precauciones especiales para el usuario,,,
2,15,F04-P01-I,S15,15.0,Título: Información sobre la reglamentación,,,
2,15,F04-P01-I,S15,15.1,"Disposiciones específicas sobre seguridad, salud y medio ambiente para el producto de que se trate",,,
2,15,F04-P01-I,S16,16.0,Título: Otras informaciones,,,
2,15,F04-P01-I,S16,16.1,Otras informaciones,,,
